"year","disease","sex_label","scenario_id","scenario_short","avoidable_burden__WHO/Adam (main)","avoidable_burden__Table 5 PUC","pif__WHO/Adam (main)","pif__Table 5 PUC","pif_low__WHO/Adam (main)","pif_low__Table 5 PUC","pif_up__WHO/Adam (main)","pif_up__Table 5 PUC"
2012,"Ischaemic Heart Disease","Men","baseline","Baseline",0,0,0,0,0,0,0,0
2012,"Ischaemic Heart Disease","Men","volume_reduction_10","Volume -10%",4.49776671289819,427.896419646678,0.000109302327081656,0.0103985105059293,-0.000880532628813045,0.00311192872048875,0.00166160265585201,0.0233172302820724
2012,"Ischaemic Heart Disease","Men","volume_reduction_20","Volume -20%",-10.7626074866024,601.258280055784,-0.000261547145248466,0.0146114579483969,-0.00215793629321599,0.00328133487320185,0.00269745193855727,0.0350678384510793
2012,"Ischaemic Heart Disease","Men","volume_reduction_30","Volume -30%",-43.5834598567214,657.099917361124,-0.00105914198950083,0.015968491626471,-0.00382237446346522,0.0020159432275011,0.00326452642371592,0.0416334543517522
2012,"Ischaemic Heart Disease","Men","hed_reduction_10","HED -10%: no shift",137.735870886097,135.097342048845,0.0033471836516768,0.0032830635315388,0.00113771856506,2.15136687488317e-16,0.00617398150298552,0.00703672076378125
2012,"Ischaemic Heart Disease","Men","hed_reduction_25","HED -25%: no shift",344.339677215246,337.743355122107,0.00836795912919209,0.00820765882884688,0.00284429641265001,2.13630031245145e-16,0.0154349537574638,0.0175918019094531
2012,"Ischaemic Heart Disease","Men","hed_reduction_50","HED -50%: no shift",688.67935443049,675.486710244216,0.0167359182583841,0.0164153176576938,0.00568859282530013,3.18668357445268e-17,0.0308699075149277,0.035183603818906
2012,"Ischaemic Heart Disease","Men","hed_reduction_10_rt","HED -10%: complete shift",118.342068781813,182.637727798048,0.00287588581960372,0.0044383646230441,0.00118518614835231,0.00315165101169617,0.00495262462935921,0.00629313187596875
2012,"Ischaemic Heart Disease","Men","hed_reduction_25_rt","HED -25%: complete shift",295.855171954531,456.594319495112,0.00718971454900929,0.0110959115576101,0.00296296537088102,0.00787912752924024,0.0123815615733981,0.0157328296899221
2012,"Ischaemic Heart Disease","Men","hed_reduction_50_rt","HED -50%: complete shift",591.710343909066,913.188638990224,0.0143794290980187,0.0221918231152202,0.00592593074176204,0.0157582550584806,0.0247631231467962,0.0314656593798441
2012,"Ischaemic Heart Disease","Men","combined_v10_h25","Combined 10/25: no shift",351.887161381694,765.853969842722,0.00855137406279435,0.0186113745891891,0.00366027508612497,0.0134800818714005,0.0148619417538661,0.0269212082490653
2012,"Ischaemic Heart Disease","Men","combined_v20_h50","Combined 20/50: no shift",686.430526991998,1273.44819252024,0.0166812684537317,0.0309466585853008,0.00698379538190198,0.0222829978326678,0.0290178563571958,0.0434118201926578
2012,"Ischaemic Heart Disease","Men","combined_v30_h50","Combined 30/50: no shift",650.819681757762,1319.94225793568,0.0158158726913671,0.0320765325582708,0.00693950523071547,0.0235952605508984,0.0271558161360857,0.0474614421003708
2012,"Ischaemic Heart Disease","Men","combined_v10_h25_rt","Combined 10/25: complete shift",282.800564926147,763.033682836797,0.00687246845368668,0.0185428374790047,0.00328598059859453,0.012730983442162,0.0115734227666856,0.0309418969149685
2012,"Ischaemic Heart Disease","Men","combined_v20_h50_rt","Combined 20/50: complete shift",514.677828666916,1148.00585799585,0.012507426009736,0.027898225895639,0.00574907510803457,0.0201298284151566,0.0212978280382282,0.0451127147482484
2012,"Ischaemic Heart Disease","Men","combined_v30_h50_rt","Combined 30/50: complete shift",452.804539832609,1132.11696577021,0.0110038143541134,0.0275121025135544,0.00525678406229806,0.018983701395075,0.0191408771099532,0.0478985670619845
2014,"Ischaemic Heart Disease","Men","baseline","Baseline",0,0,0,0,0,0,0,0
2014,"Ischaemic Heart Disease","Men","volume_reduction_10","Volume -10%",32.1377707920453,811.689944540874,0.000684944577065239,0.0172993525085837,-0.000677452739610815,0.00623031132464951,0.00261459254115544,0.0355770564094261
2014,"Ischaemic Heart Disease","Men","volume_reduction_20","Volume -20%",31.5078719719592,1154.49497795215,0.000671519695056169,0.0246054737123556,-0.00190963575014945,0.00756129001192599,0.00432050980754563,0.0530942768876179
2014,"Ischaemic Heart Disease","Men","volume_reduction_30","Volume -30%",0.994112972063867,1284.72683469669,2.1187290606164e-05,0.0273810739434827,-0.00366926542924231,0.00656649580070216,0.00529372074006215,0.0626924765565652
2014,"Ischaemic Heart Disease","Men","hed_reduction_10","HED -10%: no shift",145.032799412772,141.908030014678,0.0030910491613487,0.00302445170293589,0.00106171943057534,1.84165710283701e-16,0.00583741697696013,0.00677245346265223
2014,"Ischaemic Heart Disease","Men","hed_reduction_25","HED -25%: no shift",362.581998531937,354.770075036688,0.00772762290337193,0.00756112925733958,0.00265429857643845,1.24318240792686e-16,0.0145935424423999,0.0169311336566302
2014,"Ischaemic Heart Disease","Men","hed_reduction_50","HED -50%: no shift",725.163997063871,709.540150073381,0.0154552458067438,0.0151222585146793,0.00530859715287701,1.24318240792686e-16,0.0291870848847999,0.0338622673132602
2014,"Ischaemic Heart Disease","Men","hed_reduction_10_rt","HED -10%: complete shift",127.097766585093,240.404582892312,0.00270880412156997,0.00512368503774621,0.00119536809423118,0.00376062225373421,0.00464451911878585,0.00712723475345182
2014,"Ischaemic Heart Disease","Men","hed_reduction_25_rt","HED -25%: complete shift",317.744416462734,601.011457230761,0.00677201030392495,0.0128092125943651,0.00298842023557822,0.00940155563433571,0.0116112977969644,0.0178180868836293
2014,"Ischaemic Heart Disease","Men","hed_reduction_50_rt","HED -50%: complete shift",635.488832925484,1202.02291446154,0.0135440206078502,0.0256184251887307,0.00597684047115644,0.0188031112686713,0.0232225955939289,0.0356361737672586
2014,"Ischaemic Heart Disease","Men","combined_v10_h25","Combined 10/25: no shift",399.918888466286,1169.02853405132,0.00852337505589348,0.0249152238969596,0.004030685392261,0.0182084490667233,0.0145442154701053,0.0370542092775837
2014,"Ischaemic Heart Disease","Men","combined_v20_h50","Combined 20/50: no shift",774.818036302517,1870.94110136948,0.0165135103990818,0.0398749175754493,0.00760929980716838,0.0299248337004616,0.0283241505035814,0.056277612996881
2014,"Ischaemic Heart Disease","Men","combined_v30_h50","Combined 30/50: no shift",747.949668903857,1997.98994386115,0.0159408713488069,0.0425826789895866,0.00772685176406177,0.0309957152361856,0.0268752377240846,0.0650383332832819
2014,"Ischaemic Heart Disease","Men","combined_v10_h25_rt","Combined 10/25: complete shift",327.464544108317,1215.70819756181,0.00697917304593043,0.02591009633499,0.00369489764604944,0.016510792281997,0.0114917923496779,0.044879698213175
2014,"Ischaemic Heart Disease","Men","combined_v20_h50_rt","Combined 20/50: complete shift",585.723504601377,1772.3921819207,0.0124833841380082,0.0377745681645068,0.00633491572609629,0.025568289384574,0.0208703529019056,0.0641079679102988
2014,"Ischaemic Heart Disease","Men","combined_v30_h50_rt","Combined 30/50: complete shift",524.883343749896,1800.23946454293,0.011186712426935,0.0383680705994306,0.00587022504382791,0.0239816361884848,0.0193438464744851,0.0692659150516723
2016,"Ischaemic Heart Disease","Men","baseline","Baseline",0,0,0,0,0,0,0,0
2016,"Ischaemic Heart Disease","Men","volume_reduction_10","Volume -10%",-4.44272582485556,420.418565309759,-0.000102936759260375,0.00974098478095706,-0.00118645665701629,0.00273165312576455,0.00131892483182663,0.0221593053170704
2016,"Ischaemic Heart Disease","Men","volume_reduction_20","Volume -20%",-29.1997775106032,584.139158662871,-0.000676550970408621,0.0135343467772497,-0.00278218205160944,0.00253631450864865,0.0020538092500173,0.0332138653344
2016,"Ischaemic Heart Disease","Men","volume_reduction_30","Volume -30%",-72.5821852922926,630.021836781421,-0.00168170965946735,0.0145974360557478,-0.00477922502346872,0.000951083221697133,0.00235013324532269,0.0393178744142171
2016,"Ischaemic Heart Disease","Men","hed_reduction_10","HED -10%: no shift",123.802028753107,121.041938916206,0.00286845961963429,0.00280450908244637,0.000949595380566545,0,0.00533179270316771,0.00608901280059169
2016,"Ischaemic Heart Disease","Men","hed_reduction_25","HED -25%: no shift",309.505071882761,302.604847290509,0.00717114904908557,0.00701127270611582,0.00237398845141638,0,0.0133294817579194,0.0152225320014791
2016,"Ischaemic Heart Disease","Men","hed_reduction_50","HED -50%: no shift",619.010143765522,605.209694581021,0.0143422980981711,0.0140225454122317,0.00474797690283268,0,0.026658963515839,0.0304450640029581
2016,"Ischaemic Heart Disease","Men","hed_reduction_10_rt","HED -10%: complete shift",108.782126854765,174.399999470006,0.00252045254317367,0.00404080095602955,0.00104400601169241,0.00290220999548907,0.00431757389180322,0.00569842934912945
2016,"Ischaemic Heart Disease","Men","hed_reduction_25_rt","HED -25%: complete shift",271.955317136911,435.999998675016,0.00630113135793413,0.0101020023900739,0.00261001502923116,0.0072555249887225,0.0107939347295083,0.0142460733728237
2016,"Ischaemic Heart Disease","Men","hed_reduction_50_rt","HED -50%: complete shift",543.910634273825,871.999997350029,0.0126022627158683,0.0202040047801477,0.00522003005846223,0.0145110499774452,0.0215878694590165,0.0284921467456474
2016,"Ischaemic Heart Disease","Men","combined_v10_h25","Combined 10/25: no shift",306.898853321108,722.649781747834,0.00711076366784959,0.0167436005609817,0.0030751463293653,0.0120298352138231,0.0123796925115589,0.0247973597584573
2016,"Ischaemic Heart Disease","Men","combined_v20_h50","Combined 20/50: no shift",594.152972104356,1184.45285620142,0.0137663641341925,0.0274434532583456,0.00579972015058566,0.0197742111972994,0.0240187553249452,0.0395108802427241
2016,"Ischaemic Heart Disease","Men","combined_v30_h50","Combined 30/50: no shift",547.199179975075,1221.55358669968,0.0126784574329207,0.028303067178772,0.00560425987617761,0.0204578694507882,0.0219153327861689,0.0431455109909276
2016,"Ischaemic Heart Disease","Men","combined_v10_h25_rt","Combined 10/25: complete shift",249.78852040807,733.599096798202,0.00578753265560491,0.0169972932379189,0.00278827490193896,0.0113573691068995,0.00967900012080582,0.0291758790490035
2016,"Ischaemic Heart Disease","Men","combined_v20_h50_rt","Combined 20/50: complete shift",448.140107319318,1086.79583647708,0.0103832854334528,0.025180766447197,0.00480618101039102,0.0177196554041785,0.0176706152871385,0.0416752225710622
2016,"Ischaemic Heart Disease","Men","combined_v30_h50_rt","Combined 30/50: complete shift",376.401444531387,1061.69771642017,0.00872111996293277,0.0245992497738675,0.00418881118364469,0.0161784339630792,0.0151734632147359,0.0446352386827686
2018,"Ischaemic Heart Disease","Men","baseline","Baseline",0,0,0,0,0,0,0,0
2018,"Ischaemic Heart Disease","Men","volume_reduction_10","Volume -10%",-7.50809988850613,358.949214711735,-0.000166074307940895,0.00793972420511309,-0.00107213963881768,0.00185073473154059,0.00120451196489957,0.0190724033026732
2018,"Ischaemic Heart Disease","Men","volume_reduction_20","Volume -20%",-32.2058857975489,498.984216924948,-0.000712373340109573,0.0110372077795742,-0.00246051531430369,0.00152035503822477,0.00192499781481275,0.0286552480914894
2018,"Ischaemic Heart Disease","Men","volume_reduction_30","Volume -30%",-71.9694542223977,537.399978485841,-0.00159191772623669,0.0118869395505932,-0.00415778370830047,0.000127005726258299,0.00223028624209189,0.0340864248583699
2018,"Ischaemic Heart Disease","Men","hed_reduction_10","HED -10%: no shift",156.82134750052,152.825435166536,0.00346878666283825,0.00338039966941601,0.00120889954109264,2.10259671631444e-08,0.00639019256544498,0.00721693876011136
2018,"Ischaemic Heart Disease","Men","hed_reduction_25","HED -25%: no shift",392.053368751288,382.063587916347,0.00867196665709536,0.0084509991735402,0.00302224885273145,5.25649175716317e-08,0.0159754814136127,0.0180423469002784
2018,"Ischaemic Heart Disease","Men","hed_reduction_50","HED -50%: no shift",784.106737502575,764.127175832703,0.0173439333141907,0.0169019983470806,0.00604449770546288,1.05129835012495e-07,0.0319509628272252,0.0360846938005565
2018,"Ischaemic Heart Disease","Men","hed_reduction_10_rt","HED -10%: complete shift",130.579305393483,184.199281378278,0.00288832968349602,0.00407436883264404,0.00118743740922483,0.00278705085971064,0.00497315422249602,0.00588867233881448
2018,"Ischaemic Heart Disease","Men","hed_reduction_25_rt","HED -25%: complete shift",326.448263483717,460.49820344569,0.00722082420874026,0.01018592208161,0.00296859352306224,0.00696762714927657,0.0124328855562401,0.014721680847036
2018,"Ischaemic Heart Disease","Men","hed_reduction_50_rt","HED -50%: complete shift",652.896526967432,920.996406891387,0.0144416484174805,0.0203718441632202,0.00593718704612457,0.0139352542985533,0.0248657711124802,0.0294433616940718
2018,"Ischaemic Heart Disease","Men","combined_v10_h25","Combined 10/25: no shift",385.129316706877,738.795767422733,0.00851881110928722,0.0163416839954702,0.00362098656702536,0.0114470566639606,0.0149513573144532,0.0232206407975573
2018,"Ischaemic Heart Disease","Men","combined_v20_h50","Combined 20/50: no shift",749.920716571111,1249.54761785943,0.0165877606670823,0.0276391842086278,0.00691465356131044,0.0188883320194474,0.0290971637576541,0.0393482246122018
2018,"Ischaemic Heart Disease","Men","combined_v30_h50","Combined 30/50: no shift",701.092299685925,1272.62412368412,0.0155077077026205,0.0281496215751306,0.00672881969034518,0.0201743568998241,0.0269457221957716,0.0404427085782601
2018,"Ischaemic Heart Disease","Men","combined_v10_h25_rt","Combined 10/25: complete shift",299.292323456698,709.151190404383,0.00662015239916889,0.0156859651470756,0.0031258582653448,0.0109569506248943,0.0111825806910886,0.0258463960677586
2018,"Ischaemic Heart Disease","Men","combined_v20_h50_rt","Combined 20/50: complete shift",545.420491923034,1083.22628401043,0.0120643481144365,0.0239602639991266,0.00549187921429059,0.0174751147219825,0.0206638060922738,0.0373958118701288
2018,"Ischaemic Heart Disease","Men","combined_v30_h50_rt","Combined 30/50: complete shift",471.295610339558,1051.02600180308,0.0104247537306402,0.0232480146068037,0.00490515419112743,0.016375560160181,0.0180755088083985,0.0396785088364606
2020,"Ischaemic Heart Disease","Men","baseline","Baseline",0,0,0,0,0,0,0,0
2020,"Ischaemic Heart Disease","Men","volume_reduction_10","Volume -10%",21.3426431867394,673.771294628714,0.000496083844678959,0.0156609962200655,-0.000776443190008998,0.00492777629487741,0.00234299834379871,0.033258378133542
2020,"Ischaemic Heart Disease","Men","volume_reduction_20","Volume -20%",15.7016109228867,953.286885561369,0.000364964894278815,0.0221579969797342,-0.0020465659647711,0.00581504655338223,0.00382960462648739,0.0492308452865424
2020,"Ischaemic Heart Disease","Men","volume_reduction_30","Volume -30%",-15.0213612153325,1056.5810601554,-0.000349153315210908,0.0245589447356985,-0.00379665440767305,0.00473726907240369,0.00452843631590135,0.0579114863956399
2020,"Ischaemic Heart Disease","Men","hed_reduction_10","HED -10%: no shift",131.877949078787,129.041930802045,0.00306534291160473,0.00299942310785802,0.00104019879657202,7.84976121252085e-07,0.00581882115507995,0.00669526433983259
2020,"Ischaemic Heart Disease","Men","hed_reduction_25","HED -25%: no shift",329.694872696963,322.604827005109,0.00766335727901174,0.00749855776964498,0.00260049699143007,1.96244030293429e-06,0.0145470528876997,0.0167381608495817
2020,"Ischaemic Heart Disease","Men","hed_reduction_50","HED -50%: no shift",659.389745393926,645.209654010218,0.0153267145580235,0.01499711553929,0.0052009939828602,3.92488060571985e-06,0.0290941057753996,0.0334763216991634
2020,"Ischaemic Heart Disease","Men","hed_reduction_10_rt","HED -10%: complete shift",123.447648617007,224.97854687511,0.00286939080631551,0.00522935334333071,0.00124204397861624,0.00347974357971733,0.00493351729591283,0.00756740557556504
2020,"Ischaemic Heart Disease","Men","hed_reduction_25_rt","HED -25%: complete shift",308.619121542509,562.446367187769,0.00717347701578855,0.0130733833583267,0.00310510994654064,0.00869935894929336,0.0123337932397822,0.0189185139389126
2020,"Ischaemic Heart Disease","Men","hed_reduction_50_rt","HED -50%: complete shift",617.238243085025,1124.89273437554,0.0143469540315773,0.0261467667166533,0.00621021989308127,0.0173987178985864,0.0246675864795645,0.0378370278778249
2020,"Ischaemic Heart Disease","Men","combined_v10_h25","Combined 10/25: no shift",354.906910004333,997.737640534717,0.00824938049507715,0.0231912008445564,0.00377236737343605,0.0149623486096683,0.0143610314112284,0.03586556280005
2020,"Ischaemic Heart Disease","Men","combined_v20_h50","Combined 20/50: no shift",687.67566784993,1600.54348662473,0.0159841865046558,0.0372026913196015,0.00712139091745463,0.0245917731862257,0.0279429254673691,0.0555244697277357
2020,"Ischaemic Heart Disease","Men","combined_v30_h50","Combined 30/50: no shift",657.592697222081,1698.44839282347,0.0152849443537258,0.0394783720708115,0.00715139077214349,0.0256190420877595,0.0262608925869933,0.0620879218068667
2020,"Ischaemic Heart Disease","Men","combined_v10_h25_rt","Combined 10/25: complete shift",308.319816034357,1056.27211331605,0.00716652002241531,0.0245517636412799,0.00361618299404469,0.0145962053093586,0.0119251883876281,0.0426888623398688
2020,"Ischaemic Heart Disease","Men","combined_v20_h50_rt","Combined 20/50: complete shift",553.179177892793,1543.7053779249,0.0128579787875528,0.0358815584476613,0.00624003198482286,0.0226260560331654,0.021732555031655,0.0605659835674759
2020,"Ischaemic Heart Disease","Men","combined_v30_h50_rt","Combined 30/50: complete shift",491.020917257818,1551.31662816191,0.0114131854391116,0.0360584727242742,0.00571539550007105,0.0214325597058708,0.0197587549860281,0.0646599229880129
2022,"Ischaemic Heart Disease","Men","baseline","Baseline",0,0,0,0,0,0,0,0
2022,"Ischaemic Heart Disease","Men","volume_reduction_10","Volume -10%",7.04317174006177,554.539415156873,0.000136604913236016,0.0107554964565994,-0.000815261058770835,0.00321273457427182,0.00156022134818474,0.0239418865748173
2022,"Ischaemic Heart Disease","Men","volume_reduction_20","Volume -20%",-10.2688860152349,780.695839765338,-0.000199168831162051,0.0151418837124547,-0.00201447564311066,0.00347576551937418,0.00250801828753816,0.0358639223914235
2022,"Ischaemic Heart Disease","Men","volume_reduction_30","Volume -30%",-49.3328683224979,856.594417860339,-0.000956829173786342,0.0166139646240176,-0.00357938307261375,0.00234541723818788,0.00294020883385107,0.0424241073365615
2022,"Ischaemic Heart Disease","Men","hed_reduction_10","HED -10%: no shift",144.134365249441,141.988060909181,0.00279553916699686,0.00275391080281661,0.000958837404818818,5.40725920377409e-08,0.0051938918351286,0.00595064737462853
2022,"Ischaemic Heart Disease","Men","hed_reduction_25","HED -25%: no shift",360.335913123599,354.970152272946,0.00698884791749208,0.0068847770070414,0.00239709351204701,1.35181479706982e-07,0.0129847295878213,0.0148766184365712
2022,"Ischaemic Heart Disease","Men","hed_reduction_50","HED -50%: no shift",720.671826247195,709.940304545887,0.0139776958349841,0.0137695540140827,0.004794187024094,2.70362959269898e-07,0.0259694591756426,0.0297532368731422
2022,"Ischaemic Heart Disease","Men","hed_reduction_10_rt","HED -10%: complete shift",132.526747773206,216.440567245837,0.00257040514545956,0.00419794461935304,0.00109732894849446,0.00300381728200788,0.00438745695420966,0.00589523365283055
2022,"Ischaemic Heart Disease","Men","hed_reduction_25_rt","HED -25%: complete shift",331.316869433022,541.101418114595,0.00642601286364905,0.0104948615483826,0.00274332237123611,0.00750954320501968,0.010968642385524,0.0147380841320763
2022,"Ischaemic Heart Disease","Men","hed_reduction_50_rt","HED -50%: complete shift",662.633738866044,1082.20283622919,0.0128520257272981,0.0209897230967652,0.00548664474247212,0.0150190864100393,0.0219372847710482,0.0294761682641527
2022,"Ischaemic Heart Disease","Men","combined_v10_h25","Combined 10/25: no shift",371.259052273781,910.597124604213,0.00720070622947788,0.0176613670361009,0.00324104747423854,0.0128393226835044,0.0124139206619547,0.025931948467358
2022,"Ischaemic Heart Disease","Men","combined_v20_h50","Combined 20/50: no shift",722.558417106979,1491.00077561639,0.014014286960435,0.0289185098851677,0.00614061462563587,0.0211285520132709,0.0242413262884111,0.0407198424401994
2022,"Ischaemic Heart Disease","Men","combined_v30_h50","Combined 30/50: no shift",682.972120877242,1559.51968692274,0.0132464961466686,0.0302474594379365,0.00611771707725568,0.0222070113159332,0.0225744892862262,0.0454227094093009
2022,"Ischaemic Heart Disease","Men","combined_v10_h25_rt","Combined 10/25: complete shift",316.881205875794,941.084072331932,0.00614602784546147,0.0182526726300689,0.00303505758661348,0.0122458704461015,0.0101986359529536,0.0311551678775273
2022,"Ischaemic Heart Disease","Men","combined_v20_h50_rt","Combined 20/50: complete shift",572.082734461003,1398.79682619776,0.0110957556040203,0.0271301802837884,0.00527475221381987,0.0192253488242059,0.018689213043716,0.0445733419927992
2022,"Ischaemic Heart Disease","Men","combined_v30_h50_rt","Combined 30/50: complete shift",499.283921377653,1386.57061350178,0.0096837957779706,0.0268930483798424,0.00481797301537447,0.0181105618811877,0.0166354894508537,0.0476915295604353
2024,"Ischaemic Heart Disease","Men","baseline","Baseline",0,0,0,0,0,0,0,0
2024,"Ischaemic Heart Disease","Men","volume_reduction_10","Volume -10%",10.8502336909769,529.133866665323,0.000192381292057713,0.00938186769426187,-0.000692631427602852,0.00281927423563181,0.00149363008610295,0.0209957324117166
2024,"Ischaemic Heart Disease","Men","volume_reduction_20","Volume -20%",-2.57952121680787,745.458725292324,-4.57364918317349e-05,0.0132174399954809,-0.00175070630544152,0.0030514132880504,0.00245995664249098,0.0315647345148455
2024,"Ischaemic Heart Disease","Men","volume_reduction_30","Volume -30%",-38.0098828677802,817.086144117139,-0.000673938514628202,0.0144874380225037,-0.00314548256015526,0.00197529153201233,0.00295637343482648,0.0374523956375784
2024,"Ischaemic Heart Disease","Men","hed_reduction_10","HED -10%: no shift",125.546675907224,124.8399619401,0.00222601949529145,0.00221348902359999,0.000755603939141145,0,0.00418005279068843,0.00482037013256147
2024,"Ischaemic Heart Disease","Men","hed_reduction_25","HED -25%: no shift",313.86668976805,312.099904850259,0.00556504873822843,0.0055337225590001,0.00188900984785266,0,0.0104501319767212,0.0120509253314038
2024,"Ischaemic Heart Disease","Men","hed_reduction_50","HED -50%: no shift",627.733379536094,624.199809700505,0.0111300974764567,0.011067445118,0.00377801969570535,0,0.0209002639534423,0.0241018506628075
2024,"Ischaemic Heart Disease","Men","hed_reduction_10_rt","HED -10%: complete shift",105.987004786932,183.97299614145,0.00187921454071476,0.00326195395504279,0.000796830521586656,0.00235441019110911,0.00322289356759059,0.00461605065275089
2024,"Ischaemic Heart Disease","Men","hed_reduction_25_rt","HED -25%: complete shift",264.967511967316,459.932490353625,0.00469803635178663,0.00815488488760698,0.00199207630396657,0.0058860254777728,0.00805723391897637,0.011540126631877
2024,"Ischaemic Heart Disease","Men","hed_reduction_50_rt","HED -50%: complete shift",529.935023934638,919.864980707248,0.00939607270357337,0.0163097697752139,0.00398415260793306,0.0117720509555457,0.0161144678379527,0.0230802532637539
2024,"Ischaemic Heart Disease","Men","combined_v10_h25","Combined 10/25: no shift",329.577516206554,843.413802039387,0.00584361131813372,0.0149542435303102,0.00262721484948724,0.0107961483999339,0.0100450383666904,0.0224194704503671
2024,"Ischaemic Heart Disease","Men","combined_v20_h50","Combined 20/50: no shift",641.675704016675,1374.78041327012,0.01137730343296,0.0243756991538796,0.00497862766534707,0.0178805482822034,0.019572092364381,0.0349925029195896
2024,"Ischaemic Heart Disease","Men","combined_v30_h50","Combined 30/50: no shift",608.649925209107,1442.05837951959,0.0107917361374376,0.0255685787215198,0.00498354475617706,0.0184950164227108,0.0182713924287331,0.0395433693361312
2024,"Ischaemic Heart Disease","Men","combined_v10_h25_rt","Combined 10/25: complete shift",259.219093646929,851.887243437436,0.00459611337249781,0.0151044828385831,0.00234838909694538,0.00968691407893675,0.00767669863365163,0.0269208834897828
2024,"Ischaemic Heart Disease","Men","combined_v20_h50_rt","Combined 20/50: complete shift",466.226893343931,1255.67579641378,0.00826648850965743,0.022263901313072,0.00404769995548825,0.0151527055904072,0.0139691847226503,0.0386585761031365
2024,"Ischaemic Heart Disease","Men","combined_v30_h50_rt","Combined 30/50: complete shift",406.157363290669,1252.36757143845,0.00720141893290202,0.0222052444570727,0.00367553919548397,0.0139217643026337,0.0126644266469288,0.0420205871590812
2012,"Ischaemic Heart Disease","Women","baseline","Baseline",0,0,0,0,0,0,0,0
2012,"Ischaemic Heart Disease","Women","volume_reduction_10","Volume -10%",8.66288606466893,62.4135575159537,0.000626882721868163,0.00451650645350736,-0.00087140785724481,-0.00314904045242821,0.00348622969662067,0.855322115119309
2012,"Ischaemic Heart Disease","Women","volume_reduction_20","Volume -20%",14.1960360131798,101.128152298146,0.00102728462884623,0.00731805669576038,-0.00199473417441076,-0.00652897971135665,0.00672241605314727,0.970400689855319
2012,"Ischaemic Heart Disease","Women","volume_reduction_30","Volume -30%",16.3187445526294,123.10498972472,0.00118089271014954,0.00890839270632076,-0.00338904742307267,-0.0101833009573398,0.00969588263950781,0.987745581731574
2012,"Ischaemic Heart Disease","Women","hed_reduction_10","HED -10%: no shift",10.075645193193,10.8881794551883,0.000729115890031979,0.000787914272692018,7.95879720337092e-05,3.46813245416266e-09,0.00193620949637691,0.00442348767491878
2012,"Ischaemic Heart Disease","Women","hed_reduction_25","HED -25%: no shift",25.1891129829822,27.220448637968,0.00182278972507992,0.00196978568172985,0.000198969930084167,8.67033114348097e-09,0.00484052374094227,0.011058719187297
2012,"Ischaemic Heart Disease","Women","hed_reduction_50","HED -50%: no shift",50.3782259659645,54.4408972759358,0.00364557945015985,0.00393957136345969,0.000397939860168333,1.73406622227366e-08,0.00968104748188451,0.0221174383745939
2012,"Ischaemic Heart Disease","Women","hed_reduction_10_rt","HED -10%: complete shift",14.8142071706366,27.9926255928789,0.00107201808313318,0.00202566364060463,0.000543788682962654,0.000679095223740639,0.00203436998147134,0.0989173369139256
2012,"Ischaemic Heart Disease","Women","hed_reduction_25_rt","HED -25%: complete shift",37.0355179265893,69.9815639821969,0.00268004520783279,0.00506415910151154,0.00135947170740675,0.00169773805935134,0.00508592495367843,0.247293342284814
2012,"Ischaemic Heart Disease","Women","hed_reduction_50_rt","HED -50%: complete shift",74.0710358531755,139.963127964394,0.00536009041566537,0.0101283182030231,0.00271894341481339,0.0033954761187026,0.0101718499073567,0.494586684569628
2012,"Ischaemic Heart Disease","Women","combined_v10_h25","Combined 10/25: no shift",34.2175367464303,89.8788355516908,0.00247612428595942,0.00650400901597662,0.00132842651264251,0.00193781627694177,0.00488665375338925,0.855322310311226
2012,"Ischaemic Heart Disease","Women","combined_v20_h50","Combined 20/50: no shift",65.9203114006436,156.370588343348,0.00477026985334265,0.0113156307619694,0.00251469452000771,0.00351707987196172,0.00952033493382629,0.970403344187395
2012,"Ischaemic Heart Disease","Women","combined_v30_h50","Combined 30/50: no shift",68.4627422211583,178.390005718567,0.00495425079699445,0.0129090480359684,0.00246865799595911,0.00178000469726337,0.0115072051742126,0.987746033647316
2012,"Ischaemic Heart Disease","Women","combined_v10_h25_rt","Combined 10/25: complete shift",42.1599988145061,115.280887951127,0.00305087410979428,0.00834220792917045,0.0015770633714801,0.000520836012499705,0.00738698668259612,0.889290366659465
2012,"Ischaemic Heart Disease","Women","combined_v20_h50_rt","Combined 20/50: complete shift",74.5147525940507,183.007788270096,0.0053921996176313,0.0132432101239017,0.00269692844963825,0.000560094142355293,0.0134846904615716,0.981200303289397
2012,"Ischaemic Heart Disease","Women","combined_v30_h50_rt","Combined 30/50: complete shift",70.3044576771804,187.937459466988,0.00508752504178528,0.0135999417806213,0.00184754466059594,-0.00219573536212218,0.0153289182873781,0.989920105696619
2014,"Ischaemic Heart Disease","Women","baseline","Baseline",0,0,0,0,0,0,0,0
2014,"Ischaemic Heart Disease","Women","volume_reduction_10","Volume -10%",4.07379796335325,34.4540861829484,0.000265366343791739,0.00224433193823109,-0.00152257187465497,-0.00411625394549509,0.00357252002166616,0.866023765518882
2014,"Ischaemic Heart Disease","Women","volume_reduction_20","Volume -20%",4.14348064348035,53.1940549464823,0.00026990545894111,0.00346504956789405,-0.00332742747599731,-0.00851107763747786,0.00687611355599726,0.979785133656504
2014,"Ischaemic Heart Disease","Women","volume_reduction_30","Volume -30%",-0.175737113070453,59.5856645744699,-1.14474786387382e-05,0.00388139767675486,-0.00546396645229378,-0.0132124027868665,0.00987671895243241,0.995948580678937
2014,"Ischaemic Heart Disease","Women","hed_reduction_10","HED -10%: no shift",15.4242060617424,16.8730699160282,0.00100472954361385,0.00109910823080514,0.000113025619663278,2.14948618629988e-09,0.00270172541688384,0.00596271486363785
2014,"Ischaemic Heart Disease","Women","hed_reduction_25","HED -25%: no shift",38.5605151543568,42.1826747900673,0.00251182385903468,0.00274777057701264,0.000282564049158392,5.37371535314989e-09,0.00675431354220951,0.0149067871590944
2014,"Ischaemic Heart Disease","Women","hed_reduction_50","HED -50%: no shift",77.1210303087157,84.3653495801333,0.0050236477180695,0.0054955411540252,0.000565128098316598,1.07474306390912e-08,0.013508627084419,0.0298135743181888
2014,"Ischaemic Heart Disease","Women","hed_reduction_10_rt","HED -10%: complete shift",19.2652284887795,27.0627181449915,0.00125493293785531,0.00176285977650483,0.000627692684294876,0.000782878273487845,0.00245340426763865,0.0999068612203625
2014,"Ischaemic Heart Disease","Women","hed_reduction_25_rt","HED -25%: complete shift",48.1630712219468,67.6567953624762,0.00313733234463814,0.0044071494412619,0.00156923171073731,0.00195719568371975,0.00613351066909662,0.249767153050906
2014,"Ischaemic Heart Disease","Women","hed_reduction_50_rt","HED -50%: complete shift",96.326142443898,135.313590724952,0.00627466468927656,0.00881429888252377,0.00313846342147476,0.00391439136743942,0.0122670213381933,0.499534306101812
2014,"Ischaemic Heart Disease","Women","combined_v10_h25","Combined 10/25: no shift",43.3480070643435,77.1501924116642,0.00282368007662677,0.00502554733133121,0.00149551926679,0.00236254372949611,0.00574778241346041,0.866023897208183
2014,"Ischaemic Heart Disease","Women","combined_v20_h50","Combined 20/50: no shift",83.9366615965627,139.307478192907,0.00546761650880447,0.00907445987342731,0.00284589280849097,0.0043366793571201,0.0111460110648081,0.979786261890733
2014,"Ischaemic Heart Disease","Women","combined_v30_h50","Combined 30/50: no shift",80.5323560878796,145.936093030228,0.00524586076290938,0.00950624645185049,0.00289973660905489,0.00301923081246034,0.0120531409014234,0.99594865943079
2014,"Ischaemic Heart Disease","Women","combined_v10_h25_rt","Combined 10/25: complete shift",48.0017087759732,89.6302806723413,0.00312682122879525,0.00583849765967986,0.00169599125386781,0.000662228778661034,0.00808301993100733,0.89931212176072
2014,"Ischaemic Heart Disease","Women","combined_v20_h50_rt","Combined 20/50: complete shift",83.9317391708913,144.82274084092,0.00546729586303,0.00943372292405479,0.00286939444070911,0.000811991527673666,0.0146220884051873,0.989459107177788
2014,"Ischaemic Heart Disease","Women","combined_v30_h50_rt","Combined 30/50: complete shift",71.892243994489,136.86160735895,0.00468304567566175,0.00891513636096239,0.00174620914663794,-0.00277211744180713,0.0162310087006841,0.997606811912237
2016,"Ischaemic Heart Disease","Women","baseline","Baseline",0,0,0,0,0,0,0,0
2016,"Ischaemic Heart Disease","Women","volume_reduction_10","Volume -10%",-3.50924365410392,-0.877139074945968,-0.000234256609269477,-5.85526813774566e-05,-0.00142338422208699,-0.00341240275909357,0.00236275446690254,0.352320187960202
2016,"Ischaemic Heart Disease","Women","volume_reduction_20","Volume -20%",-9.40499440600479,-5.75612462056717,-0.000627822493081251,-0.00038424525882371,-0.00304147591040037,-0.00705609194032154,0.00442091687830789,0.437464890930512
2016,"Ischaemic Heart Disease","Women","volume_reduction_30","Volume -30%",-17.8699009681443,-14.2495521263797,-0.00119289021264833,-0.000951216870002933,-0.00487105541326249,-0.0109539646290327,0.00618606589519353,0.466902471523363
2016,"Ischaemic Heart Disease","Women","hed_reduction_10","HED -10%: no shift",20.35446440826,21.8782449968083,0.00135874515586829,0.00146046384773699,0.000128989327681206,7.64167880614612e-08,0.0033487910486113,0.00618389289441887
2016,"Ischaemic Heart Disease","Women","hed_reduction_25","HED -25%: no shift",50.8861610206501,54.6956124920204,0.00339686288967073,0.00365115961934244,0.000322473319202858,1.91041969936472e-07,0.00837197762152816,0.0154597322360473
2016,"Ischaemic Heart Disease","Women","hed_reduction_50","HED -50%: no shift",101.772322041301,109.391224984043,0.00679372577934153,0.00730231923868507,0.000644946638405798,3.82083939982832e-07,0.0167439552430565,0.0309194644720948
2016,"Ischaemic Heart Disease","Women","hed_reduction_10_rt","HED -10%: complete shift",14.5598986106419,14.5917717539125,0.000971933788595046,0.00097406145347252,0.000269668618872148,-0.0166939675843343,0.00216355347883687,0.022200679194388
2016,"Ischaemic Heart Disease","Women","hed_reduction_25_rt","HED -25%: complete shift",36.3997465266066,36.4794293847819,0.00242983447148774,0.00243515363368134,0.000674171547180164,-0.041734918960836,0.00540888369709215,0.0555016979859697
2016,"Ischaemic Heart Disease","Women","hed_reduction_50_rt","HED -50%: complete shift",72.799493053216,72.9588587695624,0.00485966894297566,0.00487030726736259,0.00134834309436053,-0.0834698379216719,0.0108177673941844,0.111003395971939
2016,"Ischaemic Heart Disease","Women","combined_v10_h25","Combined 10/25: no shift",47.5870560083216,53.4782862567188,0.00317663390873115,0.00356989803013275,0.0011376598206985,0.00203083958903503,0.006960322901421,0.35234168015298
2016,"Ischaemic Heart Disease","Women","combined_v20_h50","Combined 20/50: no shift",92.4242678150043,101.394740478985,0.00616970428007671,0.00676852063965072,0.00218462007800802,0.00382434314490735,0.0133223879365362,0.43757680648173
2016,"Ischaemic Heart Disease","Women","combined_v30_h50","Combined 30/50: no shift",82.5614990458822,90.236524677233,0.00551132344431984,0.00602366332654887,0.00219311018560865,0.00306077844910308,0.0116944301331023,0.467036433073447
2016,"Ischaemic Heart Disease","Women","combined_v10_h25_rt","Combined 10/25: complete shift",31.4515853235293,34.1331406546558,0.00209952413119658,0.002278529102454,0.000901310734513916,0.000970273023836573,0.00478535920713126,0.367110811403771
2016,"Ischaemic Heart Disease","Women","combined_v20_h50_rt","Combined 20/50: complete shift",57.4299065052923,61.0561338785863,0.00383368511697947,0.00407575087605396,0.00161323239355368,0.00154624030780663,0.00869025530728621,0.452314180418745
2016,"Ischaemic Heart Disease","Women","combined_v30_h50_rt","Combined 30/50: complete shift",45.5443930938559,48.972266586191,0.00304027766351471,0.00326910247605802,0.00118236341316813,-0.000957146643954485,0.00916085592171071,0.478700830762847
2018,"Ischaemic Heart Disease","Women","baseline","Baseline",0,0,0,0,0,0,0,0
2018,"Ischaemic Heart Disease","Women","volume_reduction_10","Volume -10%",-4.28965522139361,-3.75062238673271,-0.000278213558157054,-0.000243253582318769,-0.0010631865346187,-0.00216788611690624,0.00160660480871635,0.448526979107969
2018,"Ischaemic Heart Disease","Women","volume_reduction_20","Volume -20%",-10.2241584982109,-9.72959965844862,-0.00066310679253724,-0.000631031260256212,-0.00224619317810065,-0.00446462116611194,0.00300544967463304,0.541928549025863
2018,"Ischaemic Heart Disease","Women","volume_reduction_30","Volume -30%",-17.8758443784325,-17.7614850034368,-0.00115937109462372,-0.00115195410491614,-0.00356186107009588,-0.00689903559496313,0.00418656768823529,0.572577315829473
2018,"Ischaemic Heart Disease","Women","hed_reduction_10","HED -10%: no shift",19.6559236326174,20.9725749435289,0.00127482144145776,0.00136021530813356,0.00013652368328003,1.73730240535175e-07,0.0030326634398613,0.00554340674538297
2018,"Ischaemic Heart Disease","Women","hed_reduction_25","HED -25%: no shift",49.1398090815433,52.4314373588212,0.00318705360364439,0.00340053827033384,0.000341309208200177,4.34325601547496e-07,0.00758165859965317,0.0138585168634577
2018,"Ischaemic Heart Disease","Women","hed_reduction_50","HED -50%: no shift",98.2796181630885,104.86287471764,0.0063741072072889,0.00680107654066749,0.000682618416400346,8.6865120309129e-07,0.0151633171993062,0.0277170337269154
2018,"Ischaemic Heart Disease","Women","hed_reduction_10_rt","HED -10%: complete shift",14.5829169768963,14.8017275013196,0.000945802170817155,0.000959993533856874,0.000330963219361204,0.000543704393023044,0.0019618789932793,0.0554635644366922
2018,"Ischaemic Heart Disease","Women","hed_reduction_25_rt","HED -25%: complete shift",36.4572924422393,37.0043187532957,0.0023645054270428,0.00239998383464197,0.000827408048403104,0.00135926098255763,0.0049046974831983,0.138658911091731
2018,"Ischaemic Heart Disease","Women","hed_reduction_50_rt","HED -50%: complete shift",72.9145848844797,74.0086375065899,0.00472901085408567,0.00479996766928385,0.00165481609680632,0.00271852196511532,0.0098093949663966,0.277317822183461
2018,"Ischaemic Heart Disease","Women","combined_v10_h25","Combined 10/25: no shift",44.8008597174662,48.1580199086112,0.00290564298229124,0.00312337784299136,0.000980779163864833,0.00185128725334824,0.00644640726120586,0.448542691138613
2018,"Ischaemic Heart Disease","Women","combined_v20_h50","Combined 20/50: no shift",87.1563625436524,92.2471265410385,0.00565268780072681,0.00598285875674842,0.00189320438049343,0.00351631412972601,0.0123849852707413,0.542046745383701
2018,"Ischaemic Heart Disease","Women","combined_v30_h50","Combined 30/50: no shift",77.77221834087,81.3681313337041,0.00504406169579085,0.00527728131296898,0.00192255629646267,0.00326066733217727,0.0107874224708331,0.57261428819615
2018,"Ischaemic Heart Disease","Women","combined_v10_h25_rt","Combined 10/25: complete shift",30.1118806064409,30.719719169123,0.00195296195473646,0.00199238445388405,0.00083128703391982,0.000987167563324317,0.00430821394285557,0.482654028259078
2018,"Ischaemic Heart Disease","Women","combined_v20_h50_rt","Combined 20/50: complete shift",54.3476740440316,54.3549685592331,0.00352481936029292,0.00352529245962713,0.00147087680886359,0.00167093774265718,0.00773451747055821,0.568614446083526
2018,"Ischaemic Heart Disease","Women","combined_v30_h50_rt","Combined 30/50: complete shift",42.2471919717481,41.4754089097136,0.00274002011676492,0.00268996469255668,0.00113937106996596,0.000489096129904139,0.0075281850823153,0.584152098369048
2020,"Ischaemic Heart Disease","Women","baseline","Baseline",0,0,0,0,0,0,0,0
2020,"Ischaemic Heart Disease","Women","volume_reduction_10","Volume -10%",4.46353910618645,24.7738499166707,0.00029891098552278,0.00165903685788749,-0.00133112234751903,-0.00375453180260915,0.00354726994108711,0.849743732747552
2020,"Ischaemic Heart Disease","Women","volume_reduction_20","Volume -20%",5.33373037883937,37.8583193910628,0.000357185311055516,0.0025352679320619,-0.00291659633763121,-0.00776653553979488,0.00681069177984796,0.968734689400022
2020,"Ischaemic Heart Disease","Women","volume_reduction_30","Volume -30%",2.27370853564219,41.4316797584585,0.000152264031525654,0.00277456608620283,-0.00477277857218071,-0.0120868262579494,0.00981850162400534,0.987748749080515
2020,"Ischaemic Heart Disease","Women","hed_reduction_10","HED -10%: no shift",15.5970095414425,17.1674768305399,0.0010444889990499,0.001149658890911,0.000102526467517317,4.66712376944702e-09,0.00282505684328641,0.00614373355193048
2020,"Ischaemic Heart Disease","Women","hed_reduction_25","HED -25%: no shift",38.9925238536077,42.9186920763492,0.00261122249762485,0.00287414722727745,0.000256316168793261,1.16678095529734e-08,0.00706264210821609,0.0153593338798262
2020,"Ischaemic Heart Disease","Women","hed_reduction_50","HED -50%: no shift",77.9850477072168,85.8373841526996,0.0052224449952498,0.00574829445455499,0.000512632337586525,2.33356192485203e-08,0.0141252842164321,0.0307186677596525
2020,"Ischaemic Heart Disease","Women","hed_reduction_10_rt","HED -10%: complete shift",18.1735420546742,23.4227851081528,0.00121703232273091,0.00156855974907051,0.000551744502714849,0.000654084171653035,0.00249199422345261,0.0953161439555624
2020,"Ischaemic Heart Disease","Women","hed_reduction_25_rt","HED -25%: complete shift",45.4338551366845,58.5569627703842,0.00304258080682721,0.00392139937267644,0.00137936125678694,0.00163521042913247,0.00622998555863147,0.238290359888906
2020,"Ischaemic Heart Disease","Women","hed_reduction_50_rt","HED -50%: complete shift",90.8677102733706,117.113925540767,0.00608516161365453,0.00784279874535277,0.00275872251357389,0.00327042085826498,0.0124599711172629,0.476580719777811
2020,"Ischaemic Heart Disease","Women","combined_v10_h25","Combined 10/25: no shift",44.2878571517203,68.2703014876452,0.00296583646137766,0.00457187505567626,0.00146344202065865,0.00241686171320497,0.00626952489745406,0.849744032704365
2020,"Ischaemic Heart Disease","Women","combined_v20_h50","Combined 20/50: no shift",86.3969890033458,125.615498266966,0.00578576965829592,0.00841212577971426,0.00280522486303827,0.00447150465408791,0.0121956034192878,0.968735177083754
2020,"Ischaemic Heart Disease","Women","combined_v30_h50","Combined 30/50: no shift",84.3239223420432,129.356892188618,0.00564694206341152,0.00866267668063498,0.00290493979932988,0.00334937709983369,0.0126737723812264,0.987751870629247
2020,"Ischaemic Heart Disease","Women","combined_v10_h25_rt","Combined 10/25: complete shift",46.4423918404053,74.3484263154942,0.00311011974686411,0.00497891042362111,0.0015966218055758,0.00100055491023547,0.0076724355008637,0.879456429459172
2020,"Ischaemic Heart Disease","Women","combined_v20_h50_rt","Combined 20/50: complete shift",82.6517978252429,123.171398907359,0.00553496446551373,0.00824845114151445,0.00275894605836569,0.0015229022855852,0.0138936393967463,0.978856146242795
2020,"Ischaemic Heart Disease","Women","combined_v30_h50_rt","Combined 30/50: complete shift",73.1465894905424,115.798945490728,0.004898426704035,0.00775473813395248,0.00202075725624185,-0.00136745746746536,0.0155704123645857,0.990086793590499
2022,"Ischaemic Heart Disease","Women","baseline","Baseline",0,0,0,0,0,0,0,0
2022,"Ischaemic Heart Disease","Women","volume_reduction_10","Volume -10%",5.50778405310562,22.2224873214802,0.000328975140922255,0.00132732979865193,-0.000857037686200307,-0.00255088642737052,0.0030622995330633,0.852650486814489
2022,"Ischaemic Heart Disease","Women","volume_reduction_20","Volume -20%",7.93401483933005,34.6301858451859,0.000473891791087222,0.00206843081695626,-0.00189694939533232,-0.00528478283343469,0.00590605060221734,0.971307828110714
2022,"Ischaemic Heart Disease","Women","volume_reduction_30","Volume -30%",7.00216527180631,38.9962456764021,0.000418233228616602,0.00232921176522881,-0.00313255422613291,-0.00823360996876903,0.00850847686723283,0.990086644694299
2022,"Ischaemic Heart Disease","Women","hed_reduction_10","HED -10%: no shift",16.0775232702446,17.614831615503,0.000960296451805739,0.00105211853935421,9.74466362688749e-05,7.8043303740406e-09,0.00250476114308655,0.00530336838163246
2022,"Ischaemic Heart Disease","Women","hed_reduction_25","HED -25%: no shift",40.1938081756109,44.0370790387584,0.0024007411295143,0.00263029634838557,0.000243616590672193,1.95108260501661e-08,0.00626190285771639,0.0132584209540811
2022,"Ischaemic Heart Disease","Women","hed_reduction_50","HED -50%: no shift",80.3876163512234,88.0741580775193,0.00480148225902871,0.0052605926967713,0.00048723318134445,3.90216520040058e-08,0.0125238057154327,0.0265168419081622
2022,"Ischaemic Heart Disease","Women","hed_reduction_10_rt","HED -10%: complete shift",16.6576650041619,20.6093840140828,0.000994947811922646,0.00123098054407757,0.000447876092409745,0.000698384834508714,0.00199062925259895,0.0977004868219095
2022,"Ischaemic Heart Disease","Women","hed_reduction_25_rt","HED -25%: complete shift",41.6441625104057,51.5234600352064,0.00248736952980667,0.00307745136019391,0.00111969023102452,0.00174596208627177,0.00497657313149737,0.244251217054774
2022,"Ischaemic Heart Disease","Women","hed_reduction_50_rt","HED -50%: complete shift",83.2883250208124,103.046920070415,0.0049747390596134,0.00615490272038796,0.00223938046204907,0.00349192417254354,0.00995314626299467,0.488502434109547
2022,"Ischaemic Heart Disease","Women","combined_v10_h25","Combined 10/25: no shift",46.4354613062004,66.721365272172,0.00277354963079636,0.0039852089935446,0.00134330433400887,0.00233193462280843,0.00565001535035463,0.852650522786398
2022,"Ischaemic Heart Disease","Women","combined_v20_h50","Combined 20/50: no shift",90.9693416931652,124.120589587926,0.00543351949069959,0.00741361463291528,0.00258717460096975,0.00435839771845021,0.0109978449588433,0.971308385532686
2022,"Ischaemic Heart Disease","Women","combined_v30_h50","Combined 30/50: no shift",90.7423287367762,128.336081431211,0.00541996020467835,0.00766540228650336,0.00285127823945458,0.00374744043061637,0.0112912026464786,0.990086823738677
2022,"Ischaemic Heart Disease","Women","combined_v10_h25_rt","Combined 10/25: complete shift",44.283772764014,66.7444250283157,0.0026450311495775,0.00398658633268024,0.00143582419498996,0.00116742574543828,0.0063293084056308,0.886440778420244
2022,"Ischaemic Heart Disease","Women","combined_v20_h50_rt","Combined 20/50: complete shift",79.9691738268684,112.758216255859,0.00477648905176236,0.00673494997720491,0.00252870439892187,0.00194496738347942,0.0115411123756189,0.982489081914268
2022,"Ischaemic Heart Disease","Women","combined_v30_h50_rt","Combined 30/50: complete shift",73.6566711907918,108.35324675642,0.0043994487712698,0.00647184498836298,0.00221855764187197,0.000293453361872809,0.0131608255990128,0.992460362036286
2024,"Ischaemic Heart Disease","Women","baseline","Baseline",0,0,0,0,0,0,0,0
2024,"Ischaemic Heart Disease","Women","volume_reduction_10","Volume -10%",5.86090217544426,38.1428619808224,0.000316766312464255,0.00206152114040059,-0.000785575954348552,-0.00220598936569747,0.00265851763297234,0.86335501055104
2024,"Ischaemic Heart Disease","Women","volume_reduction_20","Volume -20%",8.57574929418035,60.822906354939,0.000463496642533457,0.0032873177512048,-0.00173435956350013,-0.00456046710960067,0.0051290758351921,0.978070543907674
2024,"Ischaemic Heart Disease","Women","volume_reduction_30","Volume -30%",7.89809286349613,71.8705882703267,0.000426871098847555,0.00388441583557099,-0.00285338666738234,-0.00708641503228186,0.0074071849147962,0.994955019618363
2024,"Ischaemic Heart Disease","Women","hed_reduction_10","HED -10%: no shift",13.6413343693212,15.0323105842129,0.000737278162288086,0.000812456759904473,7.62099394981038e-05,1.88977432248093e-09,0.00197653364433148,0.00444610294826976
2024,"Ischaemic Heart Disease","Women","hed_reduction_25","HED -25%: no shift",34.1033359233037,37.5807764605321,0.00184319540572025,0.00203114189976117,0.00019052484874546,4.72443579507886e-09,0.00494133411082882,0.0111152573706745
2024,"Ischaemic Heart Disease","Women","hed_reduction_50","HED -50%: no shift",68.2066718466089,75.1615529210611,0.00368639081144058,0.00406228379952217,0.000381049697490878,9.44887172186749e-09,0.00988266822165744,0.0222305147413488
2024,"Ischaemic Heart Disease","Women","hed_reduction_10_rt","HED -10%: complete shift",17.4854239574511,25.5497007222703,0.000945041070994517,0.00138089397162569,0.000471332737296081,0.000602232037346335,0.00186881231058577,0.0998484139030205
2024,"Ischaemic Heart Disease","Women","hed_reduction_25_rt","HED -25%: complete shift",43.7135598936308,63.8742518056813,0.00236260267748645,0.00345223492906452,0.00117833184324028,0.00150558009336584,0.00467203077646458,0.249621034757551
2024,"Ischaemic Heart Disease","Women","hed_reduction_50_rt","HED -50%: complete shift",87.4271197872628,127.748503611361,0.00472520535497297,0.00690446985812899,0.00235666368648075,0.00301116018673172,0.00934406155292908,0.499242069515102
2024,"Ischaemic Heart Disease","Women","combined_v10_h25","Combined 10/25: no shift",40.7615694938043,76.3321156245705,0.00220305537821558,0.00412554962788771,0.00112716177928282,0.00197871079602645,0.00449346982187596,0.863355064911993
2024,"Ischaemic Heart Disease","Women","combined_v20_h50","Combined 20/50: no shift",79.8180909968154,138.140903197027,0.00431395740726231,0.00746615165998515,0.00216891521058799,0.00370456432743918,0.00876769713268044,0.978070599153952
2024,"Ischaemic Heart Disease","Women","combined_v30_h50","Combined 30/50: no shift",80.2857295680322,149.678997665479,0.00433923203927904,0.0080897552500517,0.00239272149180549,0.0032059145014202,0.00930630156103544,0.994955160708206
2024,"Ischaemic Heart Disease","Women","combined_v10_h25_rt","Combined 10/25: complete shift",45.5905690541582,89.4998720323127,0.00246405007456689,0.00483723214976701,0.00134373782146391,0.000814986677923446,0.00621059005281239,0.896875153343288
2024,"Ischaemic Heart Disease","Women","combined_v20_h50_rt","Combined 20/50: complete shift",80.4854886976683,145.080810319032,0.00435002849364421,0.00784123534541035,0.00231626769433606,0.00130391845918619,0.0112021610238303,0.988271689627439
2024,"Ischaemic Heart Disease","Women","combined_v30_h50_rt","Combined 30/50: complete shift",72.625423700901,142.201272797835,0.00392521270074683,0.00768560393323393,0.00183231587443028,-0.000223256063323632,0.0123895255885174,0.996855782800568
2012,"Ischaemic Stroke","Men","baseline","Baseline",0,0,0,0,0,0,0,0
2012,"Ischaemic Stroke","Men","volume_reduction_10","Volume -10%",20.5246777511156,20.8038816761022,0.00336465714402362,0.00341042767899801,0.00093249701726605,0.000399106154002663,0.00732841874816658,0.0077019218001137
2012,"Ischaemic Stroke","Men","volume_reduction_20","Volume -20%",38.2695452853081,39.0456943216921,0.00627361367151056,0.0064008495497915,0.00171738143530171,0.000530072823586673,0.0136826435841261,0.0149226292335995
2012,"Ischaemic Stroke","Men","volume_reduction_30","Volume -30%",52.8504585648154,54.3865631829125,0.00866389597592416,0.0089157131026007,0.00230922438685513,0.000349425200219817,0.0190253545790221,0.0215663005629498
2012,"Ischaemic Stroke","Men","hed_reduction_10","HED -10%: no shift",14.3093356160163,14.8917710105932,0.00234576195984583,0.00244124191987534,0.000722966978383033,0.00114112602931619,0.004486355865679,0.00453740686618747
2012,"Ischaemic Stroke","Men","hed_reduction_25","HED -25%: no shift",35.7733390400408,37.2294275264823,0.00586440489961456,0.00610310479968825,0.00180741744595768,0.00285281507329071,0.0112158896641978,0.0113435171654687
2012,"Ischaemic Stroke","Men","hed_reduction_50","HED -50%: no shift",71.5466780800816,74.4588550529636,0.0117288097992291,0.0122062095993763,0.00361483489191531,0.00570563014658122,0.0224317793283956,0.0226870343309376
2012,"Ischaemic Stroke","Men","hed_reduction_10_rt","HED -10%: complete shift",26.163743172158,27.3938754883954,0.00428908197468852,0.00449074036543707,0.00143847379581021,0.00378780565521646,0.00781510721236944,0.0056593677582332
2012,"Ischaemic Stroke","Men","hed_reduction_25_rt","HED -25%: complete shift",65.4093579303956,68.4846887209894,0.0107227049367214,0.0112268509135928,0.00359618448952551,0.00946951413804132,0.0195377680309235,0.0141484193955829
2012,"Ischaemic Stroke","Men","hed_reduction_50_rt","HED -50%: complete shift",130.818715860791,136.969377441978,0.0214454098734428,0.0224537018271855,0.00719236897905091,0.0189390282760827,0.039075536061847,0.0282968387911657
2012,"Ischaemic Stroke","Men","combined_v10_h25","Combined 10/25: no shift",58.1217265249748,59.9654259597184,0.00952802693160988,0.00983026877675676,0.00312836250297162,0.00844067722299843,0.0177756399592823,0.0126482267023642
2012,"Ischaemic Stroke","Men","combined_v20_h50","Combined 20/50: no shift",117.459848554792,121.619869329807,0.0192554603472073,0.0199374220223024,0.00633816757766241,0.017113460749342,0.0356268258447265,0.0255238908587182
2012,"Ischaemic Stroke","Men","combined_v30_h50","Combined 30/50: no shift",136.40172851028,141.624386117011,0.0223606458456742,0.0232168079954707,0.00741056441262027,0.0197294327624845,0.0412730072034824,0.0302092724981821
2012,"Ischaemic Stroke","Men","combined_v10_h25_rt","Combined 10/25: complete shift",82.3292699654924,86.0835407742115,0.013496424631397,0.0141118707909096,0.00447826697342808,0.0112438813561904,0.025099016482752,0.0198646483802193
2012,"Ischaemic Stroke","Men","combined_v20_h50_rt","Combined 20/50: complete shift",155.21086996286,163.821538495632,0.025444071219207,0.0268556377122319,0.00850420468620224,0.0217054884325125,0.046728428340572,0.0371160255246622
2012,"Ischaemic Stroke","Men","combined_v30_h50_rt","Combined 30/50: complete shift",163.656989943571,174.018985623543,0.0268286628935311,0.0285273284323392,0.00896374927214114,0.0219264800227225,0.0494095024946965,0.0416367690615603
2014,"Ischaemic Stroke","Men","baseline","Baseline",0,0,0,0,0,0,0,0
2014,"Ischaemic Stroke","Men","volume_reduction_10","Volume -10%",27.1704619200842,27.8862232168671,0.00431149881464904,0.00442507818594305,0.00120431293204467,0.000819345908895863,0.00936260772837863,0.00934517546057392
2014,"Ischaemic Stroke","Men","volume_reduction_20","Volume -20%",51.160281813295,52.8479937238298,0.00811828282654566,0.00838609453777611,0.00226350794268487,0.00129329569844617,0.0175363567704918,0.0181409272703671
2014,"Ischaemic Stroke","Men","volume_reduction_30","Volume -30%",71.5204370521923,74.4760438702774,0.0113490996391847,0.0118181051102813,0.00312257185927633,0.00137538652942816,0.0244480136193936,0.0263178245529818
2014,"Ischaemic Stroke","Men","hed_reduction_10","HED -10%: no shift",13.6053938538123,14.3464513253465,0.00215894892203449,0.00227654237405251,0.000675900117674871,0.00110467800854014,0.00411729892884025,0.0042232613794157
2014,"Ischaemic Stroke","Men","hed_reduction_25","HED -25%: no shift",34.0134846345305,35.8661283133664,0.00539737230508619,0.00569135593513127,0.00168975029418724,0.00276169502135017,0.0102932473221007,0.0105581534485395
2014,"Ischaemic Stroke","Men","hed_reduction_50","HED -50%: no shift",68.026969269061,71.7322566267333,0.0107947446101724,0.0113827118702626,0.00337950058837463,0.00552339004270047,0.0205864946442013,0.0211163068970789
2014,"Ischaemic Stroke","Men","hed_reduction_10_rt","HED -10%: complete shift",25.6551601686701,27.4017978606651,0.00407104571803723,0.00434820796727713,0.00134661181916657,0.00358274676178837,0.00754211794958954,0.00565953326896808
2014,"Ischaemic Stroke","Men","hed_reduction_25_rt","HED -25%: complete shift",64.1379004216762,68.5044946516638,0.0101776142950932,0.010870519918193,0.00336652954791638,0.00895686690447085,0.018855294873974,0.0141488331724201
2014,"Ischaemic Stroke","Men","hed_reduction_50_rt","HED -50%: complete shift",128.275800843353,137.008989303327,0.0203552285901865,0.0217410398363859,0.00673305909583282,0.0179137338089416,0.037710589747948,0.0282976663448403
2014,"Ischaemic Stroke","Men","combined_v10_h25","Combined 10/25: no shift",62.7453017350018,65.454396765444,0.00995663212686442,0.0103865202916986,0.00326215725743515,0.0088339146668381,0.0188844501237473,0.0132318789394966
2014,"Ischaemic Stroke","Men","combined_v20_h50","Combined 20/50: no shift",125.763193119269,131.766282316494,0.0199565196813749,0.0209091097416467,0.00658801233615472,0.0178027209817984,0.0374564354771413,0.026483831214974
2014,"Ischaemic Stroke","Men","combined_v30_h50","Combined 30/50: no shift",149.946248523307,157.604007665149,0.0237939669436177,0.0250091255066201,0.00787373371977379,0.0203550627901409,0.0447109684670927,0.0340468223506859
2014,"Ischaemic Stroke","Men","combined_v10_h25_rt","Combined 10/25: complete shift",87.0652135005043,92.5981282202241,0.0138157962094531,0.0146937774276522,0.00454920840398138,0.011142528214918,0.0261339759248695,0.0215559192689505
2014,"Ischaemic Stroke","Men","combined_v20_h50_rt","Combined 20/50: complete shift",163.05082564143,175.355549490159,0.0258734446086441,0.0278259989098709,0.00861343495673864,0.0214265695164592,0.0482315998649963,0.0402157744071929
2014,"Ischaemic Stroke","Men","combined_v30_h50_rt","Combined 30/50: complete shift",176.11855454214,190.773176744718,0.0279470750765869,0.0302725190252906,0.00928386596758882,0.0217743533734258,0.0523737640258057,0.0460732828372651
2016,"Ischaemic Stroke","Men","baseline","Baseline",0,0,0,0,0,0,0,0
2016,"Ischaemic Stroke","Men","volume_reduction_10","Volume -10%",17.9786043530787,18.7673512484212,0.00288451950941371,0.00301106747514695,0.000779764752082645,0.000265201057670415,0.00621856819147435,0.00697242902602838
2016,"Ischaemic Stroke","Men","volume_reduction_20","Volume -20%",33.3331702715987,35.165700098497,0.00534803358874576,0.00564204795901948,0.00139941068517692,0.000257115988804011,0.0115844030069429,0.0134932938588872
2016,"Ischaemic Stroke","Men","volume_reduction_30","Volume -30%",45.6686908951479,48.8537267224845,0.00732716662925398,0.00783817948663191,0.00184843201711616,-8.76636166230181e-05,0.0159985653677475,0.0195110419769911
2016,"Ischaemic Stroke","Men","hed_reduction_10","HED -10%: no shift",13.4792750881931,14.2670754111029,0.00216263905701831,0.00228903515297369,0.00067165420290099,0.00114060728877906,0.00410274088892133,0.00409219246733843
2016,"Ischaemic Stroke","Men","hed_reduction_25","HED -25%: no shift",33.6981877204829,35.6676885277566,0.00540659764254578,0.00572258788243413,0.00167913550725254,0.00285151822194763,0.0102568522223033,0.0102304811683461
2016,"Ischaemic Stroke","Men","hed_reduction_50","HED -50%: no shift",67.3963754409665,71.3353770555122,0.0108131952850917,0.0114451757648681,0.00335827101450508,0.00570303644389533,0.0205137044446065,0.0204609623366923
2016,"Ischaemic Stroke","Men","hed_reduction_10_rt","HED -10%: complete shift",23.782001108025,25.1030946930321,0.00381562688748138,0.00402758551034643,0.00126912895984548,0.00334940785673852,0.00691345211233056,0.00509780163699596
2016,"Ischaemic Stroke","Men","hed_reduction_25_rt","HED -25%: complete shift",59.4550027700629,62.7577367325806,0.00953906721870349,0.0100689637758661,0.00317282239961378,0.00837351964184647,0.0172836302808263,0.01274450409249
2016,"Ischaemic Stroke","Men","hed_reduction_50_rt","HED -50%: complete shift",118.910005540127,125.515473465162,0.0190781344374072,0.0201379275517323,0.0063456447992276,0.0167470392836929,0.0345672605616525,0.02548900818498
2016,"Ischaemic Stroke","Men","combined_v10_h25","Combined 10/25: no shift",53.0511001671051,55.9531039432635,0.00851161360596219,0.00897721629370852,0.00279418728965613,0.00764196217611385,0.015732577032461,0.0113905252303407
2016,"Ischaemic Stroke","Men","combined_v20_h50","Combined 20/50: no shift",106.45527269258,112.849374462033,0.0170798747739905,0.0181057559234361,0.00564161179069837,0.0153956665146541,0.0313466867793723,0.0228849968989859
2016,"Ischaemic Stroke","Men","combined_v30_h50","Combined 30/50: no shift",122.000088697476,130.140150222788,0.0195739129182078,0.0208799189805509,0.00639451389774604,0.0174525388409492,0.0358523494155526,0.0275497318144953
2016,"Ischaemic Stroke","Men","combined_v10_h25_rt","Combined 10/25: complete shift",74.1897669904165,78.6475498902367,0.0119031392025749,0.0126183538816865,0.00389009158751443,0.00996402725806624,0.0218355036136629,0.0178374140822916
2016,"Ischaemic Stroke","Men","combined_v20_h50_rt","Combined 20/50: complete shift",139.668812712229,149.659524994413,0.0224087146706738,0.0240116424577778,0.00738338418724458,0.0191896974055502,0.0406456713004496,0.0334233297301287
2016,"Ischaemic Stroke","Men","combined_v30_h50_rt","Combined 30/50: complete shift",146.300457613447,158.572784296749,0.0234727076659806,0.0254417017574391,0.00773381005869099,0.019217184444425,0.0426584450189982,0.037584430884732
2018,"Ischaemic Stroke","Men","baseline","Baseline",0,0,0,0,0,0,0,0
2018,"Ischaemic Stroke","Men","volume_reduction_10","Volume -10%",14.9460652703815,15.5275387149682,0.00262481520833374,0.00272693307768481,0.000690012641169513,8.77913116678776e-05,0.00587369583787836,0.00665580294054026
2018,"Ischaemic Stroke","Men","volume_reduction_20","Volume -20%",27.4241746823898,28.8203213177275,0.00481621011818989,0.00506140019699683,0.00120977706040797,-8.29728843389516e-05,0.010863494737488,0.0128506224909877
2018,"Ischaemic Stroke","Men","volume_reduction_30","Volume -30%",37.0853456170206,39.5812745719595,0.00651289670029549,0.00695122961008326,0.00149192316237663,-0.000523474254589541,0.0149014586765539,0.0185474467557122
2018,"Ischaemic Stroke","Men","hed_reduction_10","HED -10%: no shift",15.9464252958932,16.8713752564713,0.00280049758100313,0.00296293650252212,0.000894811659494899,0.00152910631536841,0.00519442708317217,0.00517710269413663
2018,"Ischaemic Stroke","Men","hed_reduction_25","HED -25%: no shift",39.8660632397321,42.1784381411788,0.00700124395250768,0.00740734125630539,0.00223702914873729,0.00382276578842135,0.0129860677079303,0.0129427567353417
2018,"Ischaemic Stroke","Men","hed_reduction_50","HED -50%: no shift",79.7321264794648,84.3568762823577,0.0140024879050155,0.0148146825126108,0.00447405829747455,0.00764553157684271,0.0259721354158607,0.0258855134706832
2018,"Ischaemic Stroke","Men","hed_reduction_10_rt","HED -10%: complete shift",26.5498525079942,28.0468684273006,0.00466266240520855,0.00492556706145275,0.00161283396804722,0.00420884248108308,0.00825136266895914,0.0060278852700937
2018,"Ischaemic Stroke","Men","hed_reduction_25_rt","HED -25%: complete shift",66.3746312699853,70.1171710682508,0.0116566560130213,0.0123139176536318,0.00403208492011801,0.0105221062027076,0.0206284066723978,0.0150697131752342
2018,"Ischaemic Stroke","Men","hed_reduction_50_rt","HED -50%: complete shift",132.749262539971,140.234342136502,0.0233133120260427,0.0246278353072635,0.00806416984023602,0.0210442124054153,0.0412568133447957,0.0301394263504686
2018,"Ischaemic Stroke","Men","combined_v10_h25","Combined 10/25: no shift",56.3424910044198,59.4057747470693,0.00989482011408568,0.0104327913867712,0.00336692060732763,0.00894298361020942,0.0180153289452534,0.0135321900080466
2018,"Ischaemic Stroke","Men","combined_v20_h50","Combined 20/50: no shift",113.49744830518,120.252352740725,0.019932324864717,0.0211186154082486,0.00680823849296751,0.0180783540225929,0.0360498958873577,0.0272859935623874
2018,"Ischaemic Stroke","Men","combined_v30_h50","Combined 30/50: no shift",126.645379118986,134.96439384311,0.0222413532366585,0.0237023314922201,0.00761553876264314,0.0205271340814679,0.0401780277728098,0.029606961553193
2018,"Ischaemic Stroke","Men","combined_v10_h25_rt","Combined 10/25: complete shift",77.923713688214,82.6804689506308,0.0136848959962723,0.0145202732898437,0.00468313284237613,0.0119972742111144,0.0246494686456245,0.0196543275918664
2018,"Ischaemic Stroke","Men","combined_v20_h50_rt","Combined 20/50: complete shift",146.950154661004,157.673250112907,0.0258072605627899,0.0276904414209884,0.00890185574156399,0.0231061435980652,0.0459743342644506,0.0368169519086302
2018,"Ischaemic Stroke","Men","combined_v30_h50_rt","Combined 30/50: complete shift",150.508215928153,163.446236146729,0.0264321242414399,0.0287042882940583,0.00914683661661571,0.023009636739238,0.0473715436038753,0.0403661229694446
2020,"Ischaemic Stroke","Men","baseline","Baseline",0,0,0,0,0,0,0,0
2020,"Ischaemic Stroke","Men","volume_reduction_10","Volume -10%",20.5462839397738,20.926167531168,0.00386328890965486,0.00393471788775595,0.00105115674665658,0.000540319601243064,0.00852742256835301,0.00861823025416404
2020,"Ischaemic Stroke","Men","volume_reduction_20","Volume -20%",38.5170837867657,39.4702736255019,0.00724231316289776,0.0074215401094142,0.00194170990377,0.000794571981088762,0.0159501779770206,0.0166924983805373
2020,"Ischaemic Stroke","Men","volume_reduction_30","Volume -30%",53.5578736221066,55.315145003433,0.0100704117491749,0.0104008290187226,0.00265288594547028,0.000716215383450821,0.0222187900162508,0.0241582612889482
2020,"Ischaemic Stroke","Men","hed_reduction_10","HED -10%: no shift",11.6515515841868,12.3147598055626,0.00219082487847464,0.00231552698879022,0.000672362008114328,0.00108357782509587,0.00422923106073881,0.00440237028597424
2020,"Ischaemic Stroke","Men","hed_reduction_25","HED -25%: no shift",29.1288789604669,30.7868995139052,0.00547706219618656,0.00578881747197532,0.00168090502028581,0.00270894456273943,0.0105730776518471,0.0110059257149356
2020,"Ischaemic Stroke","Men","hed_reduction_50","HED -50%: no shift",58.257757920933,61.5737990278101,0.010954124392373,0.0115776349439506,0.00336181004057164,0.00541788912547901,0.0211461553036941,0.0220118514298711
2020,"Ischaemic Stroke","Men","hed_reduction_10_rt","HED -10%: complete shift",22.5833270734043,23.7930621823359,0.00424631126881776,0.00447377606214268,0.00143999517979566,0.00360507406904512,0.00782904117368225,0.00583263812358946
2020,"Ischaemic Stroke","Men","hed_reduction_25_rt","HED -25%: complete shift",56.4583176835096,59.4826554558401,0.0106157781720442,0.0111844401553568,0.00359998794948931,0.00901268517261253,0.0195726029342059,0.0145815953089736
2020,"Ischaemic Stroke","Men","hed_reduction_50_rt","HED -50%: complete shift",112.916635367019,118.96531091168,0.0212315563440884,0.0223688803107134,0.00719997589897868,0.0180253703452251,0.0391452058684119,0.0291631906179472
2020,"Ischaemic Stroke","Men","combined_v10_h25","Combined 10/25: no shift",51.1680105732019,53.3204678608158,0.00962104915691774,0.0100257726773421,0.00321335144013662,0.00840395355916271,0.0180540720613998,0.0129793446003917
2020,"Ischaemic Stroke","Men","combined_v20_h50","Combined 20/50: no shift",103.06598941442,107.827059950682,0.019379353221949,0.0202745706274292,0.00652579349817425,0.0169915804746308,0.0360375634993702,0.0261115714955531
2020,"Ischaemic Stroke","Men","combined_v30_h50","Combined 30/50: no shift",121.757843096322,127.626029834599,0.0228939562149697,0.023997343124847,0.00773526346741667,0.0196068130372784,0.0426565380385049,0.032231570187392
2020,"Ischaemic Stroke","Men","combined_v10_h25_rt","Combined 10/25: complete shift",73.6248525024086,77.3818433229746,0.0138435776017345,0.0145499993086141,0.00465910045750525,0.0111311718667901,0.025986623687588,0.0211960154195854
2020,"Ischaemic Stroke","Men","combined_v20_h50_rt","Combined 20/50: complete shift",138.426438154544,146.911978597491,0.0260281287308717,0.0276236529814737,0.0088580173089666,0.0214592070022113,0.0482145940956622,0.039546314644821
2020,"Ischaemic Stroke","Men","combined_v30_h50_rt","Combined 30/50: complete shift",147.734104898592,157.891753924455,0.0277782362351019,0.0296881647138872,0.00941667579137399,0.0218261572828805,0.0518619855494159,0.0447510735047632
2022,"Ischaemic Stroke","Men","baseline","Baseline",0,0,0,0,0,0,0,0
2022,"Ischaemic Stroke","Men","volume_reduction_10","Volume -10%",22.1797037347991,22.4471078639897,0.0033064111743878,0.00334627410544428,0.00096195868029064,0.000473053217848403,0.00725135674678905,0.00739990259955582
2022,"Ischaemic Stroke","Men","volume_reduction_20","Volume -20%",41.5738878011184,42.3156685050919,0.00619757454075875,0.00630815455742124,0.00177837606062821,0.000685083679732886,0.0135827083374114,0.0143517532272921
2022,"Ischaemic Stroke","Men","volume_reduction_30","Volume -30%",57.77472906072,59.2444256058481,0.00861269438256195,0.00883178752906537,0.00244113867359129,0.000603241533434797,0.0188969123920631,0.0207550149408314
2022,"Ischaemic Stroke","Men","hed_reduction_10","HED -10%: no shift",13.4434128234719,14.1229136392496,0.00200405969858363,0.00210535541998536,0.000630474290768299,0.00102234722075963,0.00374002568826369,0.00387609683230923
2022,"Ischaemic Stroke","Men","hed_reduction_25","HED -25%: no shift",33.6085320586796,35.3072840981231,0.00501014924645907,0.00526338854996328,0.00157618572692071,0.00255586805189899,0.00935006422065908,0.00969024208077309
2022,"Ischaemic Stroke","Men","hed_reduction_50","HED -50%: no shift",67.2170641173594,70.6145681962456,0.0100202984929182,0.0105267770999264,0.00315237145384139,0.00511173610379796,0.0187001284413183,0.0193804841615461
2022,"Ischaemic Stroke","Men","hed_reduction_10_rt","HED -10%: complete shift",27.2604284895613,28.2539270578233,0.00406381376659545,0.00421191830428979,0.00140775574965433,0.0035904970432943,0.00732413650552267,0.00530404250917171
2022,"Ischaemic Stroke","Men","hed_reduction_25_rt","HED -25%: complete shift",68.1510712239031,70.6348176445567,0.0101595344164886,0.0105297957607243,0.0035193893741358,0.00897624260823572,0.0183103412638068,0.0132601062729293
2022,"Ischaemic Stroke","Men","hed_reduction_50_rt","HED -50%: complete shift",136.302142447807,141.269635289112,0.0203190688329773,0.0210595915214483,0.00703877874827156,0.0179524852164716,0.0366206825276136,0.0265202125458587
2022,"Ischaemic Stroke","Men","combined_v10_h25","Combined 10/25: no shift",57.38866180134,59.4832634524357,0.00855514189603002,0.00886739197781123,0.0029038942483387,0.00774565988792729,0.0158970734341701,0.0111635601921072
2022,"Ischaemic Stroke","Men","combined_v20_h50","Combined 20/50: no shift",115.518436327277,120.215236072014,0.0172207642305451,0.0179209336893235,0.00588442708727966,0.0156388710984917,0.03172113365818,0.0224629982960725
2022,"Ischaemic Stroke","Men","combined_v30_h50","Combined 30/50: no shift",135.601944285844,141.381243297199,0.0202146876809709,0.0210762293435537,0.00691415061156604,0.0180147397789393,0.0373083414007358,0.0278502404839594
2022,"Ischaemic Stroke","Men","combined_v10_h25_rt","Combined 10/25: complete shift",86.2902923827432,89.3976874395989,0.0128636157807577,0.0133268467536361,0.00442412277515208,0.0105676937336609,0.023740832394445,0.019059613187915
2022,"Ischaemic Stroke","Men","combined_v20_h50_rt","Combined 20/50: complete shift",162.269942110842,169.488228027019,0.0241901855984106,0.0252662424068578,0.00840684957746383,0.0203882354755136,0.0441113261738685,0.0354964439950674
2022,"Ischaemic Stroke","Men","combined_v30_h50_rt","Combined 30/50: complete shift",171.500647669588,180.351890811919,0.0255662413100582,0.0268857291437531,0.00890691100661489,0.0205263502430054,0.0469556651790913,0.0398976988288529
2024,"Ischaemic Stroke","Men","baseline","Baseline",0,0,0,0,0,0,0,0
2024,"Ischaemic Stroke","Men","volume_reduction_10","Volume -10%",19.4257791966868,19.9651907090512,0.00296311232478478,0.00304539149022956,0.000840704343023486,0.00044051587665386,0.00640298397658841,0.00668507425936917
2024,"Ischaemic Stroke","Men","volume_reduction_20","Volume -20%",36.4088693878361,37.6827308862532,0.00555362894441716,0.00574793747988493,0.00156190799973849,0.000647640621256236,0.0119625491695902,0.0129549984430747
2024,"Ischaemic Stroke","Men","volume_reduction_30","Volume -30%",50.5950150187351,52.8335729029092,0.00771751346788986,0.00805897202093837,0.00213798038262582,0.000587027317692853,0.0166180838555898,0.018764995207656
2024,"Ischaemic Stroke","Men","hed_reduction_10","HED -10%: no shift",9.92362047661506,10.3669595135542,0.00151370000878832,0.00158132475377856,0.00045558032976985,0.000726623599776409,0.00289572622746666,0.00303887160304198
2024,"Ischaemic Stroke","Men","hed_reduction_25","HED -25%: no shift",24.809051191538,25.917398783884,0.00378425002197085,0.00395331188444615,0.0011389508244247,0.00181655899944109,0.00723931556866674,0.00759717900760478
2024,"Ischaemic Stroke","Men","hed_reduction_50","HED -50%: no shift",49.6181023830748,51.8347975677679,0.00756850004394151,0.00790662376889228,0.00227790164884949,0.00363311799888194,0.0144786311373334,0.0151943580152096
2024,"Ischaemic Stroke","Men","hed_reduction_10_rt","HED -10%: complete shift",19.415040623686,20.6160286222155,0.00296147431594678,0.00314466708800137,0.000992451957286681,0.00262806733757335,0.00538441903235745,0.00408931298189493
2024,"Ischaemic Stroke","Men","hed_reduction_25_rt","HED -25%: complete shift",48.5376015592143,51.540071555538,0.00740368578986684,0.00786166772000329,0.00248112989321683,0.00657016834393337,0.0134610475808936,0.0102232824547374
2024,"Ischaemic Stroke","Men","hed_reduction_50_rt","HED -50%: complete shift",97.0752031184286,103.080143111076,0.0148073715797337,0.0157233354400066,0.00496225978643355,0.0131403366878667,0.0269220951617872,0.0204465649094746
2024,"Ischaemic Stroke","Men","combined_v10_h25","Combined 10/25: no shift",45.588633268588,47.3196159000525,0.00695386474542479,0.00721790027868956,0.00228853958548789,0.00616407294467109,0.012976747210713,0.00935916604343019
2024,"Ischaemic Stroke","Men","combined_v20_h50","Combined 20/50: no shift",91.7434224014568,95.5949324952775,0.0139940881075215,0.0145815784167895,0.00463637650834456,0.0124717007393336,0.0258693631068667,0.0187480894137987
2024,"Ischaemic Stroke","Men","combined_v30_h50","Combined 30/50: no shift",109.272892627083,114.318242552397,0.0166679468365118,0.0174375395717726,0.0055412975200093,0.0143724842577447,0.0309529809026797,0.0240704248819732
2024,"Ischaemic Stroke","Men","combined_v10_h25_rt","Combined 10/25: complete shift",64.7803458893357,68.6406503079795,0.00988127371185453,0.0104701054639551,0.00327836980155906,0.00794441424216155,0.0184686768848743,0.0156512124160708
2024,"Ischaemic Stroke","Men","combined_v20_h50_rt","Combined 20/50: complete shift",121.234626084448,129.849008256565,0.0184925305237059,0.0198065257939168,0.00618984500871045,0.0152972134855283,0.0341304550158384,0.0291209865541196
2024,"Ischaemic Stroke","Men","combined_v30_h50_rt","Combined 30/50: complete shift",130.036468548531,140.389766228929,0.0198351200601187,0.0214143609054067,0.00663983409365422,0.0154287740805323,0.0367718662856618,0.0331948463569297
2012,"Ischaemic Stroke","Women","baseline","Baseline",0,0,0,0,0,0,0,0
2012,"Ischaemic Stroke","Women","volume_reduction_10","Volume -10%",11.0025775507671,11.0069236306065,0.0026072767570154,0.00260830664595705,-0.000355185290407062,-2.31451378709737e-06,0.0204232377614229,0.00655473712729943
2012,"Ischaemic Stroke","Women","volume_reduction_20","Volume -20%",16.5168596430494,17.0378015938872,0.00391399415705149,0.00403744157961285,-0.00108836909160053,-0.000618521138165756,0.0310033549224487,0.0110079462224452
2012,"Ischaemic Stroke","Women","volume_reduction_30","Volume -30%",17.4356278036784,18.8737934548461,0.00413171431028291,0.00447251589588646,-0.00225765740079316,-0.00183762107062836,0.0357050092260022,0.0138066011475435
2012,"Ischaemic Stroke","Women","hed_reduction_10","HED -10%: no shift",10.3185414115898,10.5045491318215,0.00244518096460617,0.00248925914568218,0.000825841679808786,0.00167915858793055,0.00415188407465714,0.00344780539116881
2012,"Ischaemic Stroke","Women","hed_reduction_25","HED -25%: no shift",25.7963535289745,26.2613728295532,0.00611295241151541,0.0062231478642053,0.00206460419952206,0.00419789646982635,0.010379710186643,0.00861951347792196
2012,"Ischaemic Stroke","Women","hed_reduction_50","HED -50%: no shift",51.5927070579489,52.522745659106,0.0122259048230308,0.0124462957284105,0.00412920839904416,0.00839579293965269,0.020759420373286,0.0172390269558441
2012,"Ischaemic Stroke","Women","hed_reduction_10_rt","HED -10%: complete shift",13.9986279616529,14.3196336921579,0.00331724972135994,0.00339331833129727,0.000988312401295993,0.00257195767004368,0.00824698916390712,0.00446868283341801
2012,"Ischaemic Stroke","Women","hed_reduction_25_rt","HED -25%: complete shift",34.9965699041324,35.7990842303952,0.0082931243033999,0.00848329582824328,0.00247078100324004,0.00642989417510919,0.0206174729097678,0.0111717070835451
2012,"Ischaemic Stroke","Women","hed_reduction_50_rt","HED -50%: complete shift",69.9931398082646,71.5981684607907,0.0165862486067997,0.0169665916564866,0.00494156200648018,0.0128597883502184,0.0412349458195357,0.0223434141670901
2012,"Ischaemic Stroke","Women","combined_v10_h25","Combined 10/25: no shift",37.0433700966421,37.5704260634348,0.00877815379249566,0.00890305005117,0.00232365502461585,0.00651619562910449,0.0297740039230851,0.0123513284293533
2012,"Ischaemic Stroke","Women","combined_v20_h50","Combined 20/50: no shift",68.9533971068125,70.6561624366812,0.0163398611611068,0.0167433648352898,0.00446501376751284,0.0124412345743846,0.049526485065783,0.0227688420413286
2012,"Ischaemic Stroke","Women","combined_v30_h50","Combined 30/50: no shift",70.0296229543125,72.8117513154753,0.0165948940045054,0.0172541739393773,0.00416840550977689,0.0119302393678176,0.0541184478230389,0.0252188485539954
2012,"Ischaemic Stroke","Women","combined_v10_h25_rt","Combined 10/25: complete shift",41.6677972272275,42.8428582300188,0.00987400258942109,0.0101524563632315,0.00239785567931232,0.00663735902156225,0.0352164032389034,0.0154551003067927
2012,"Ischaemic Stroke","Women","combined_v20_h50_rt","Combined 20/50: complete shift",71.0815938769774,74.5331209533662,0.0168441791672834,0.0176620862695923,0.00427695018123622,0.0119021408128514,0.0541445468841093,0.0262580236663408
2012,"Ischaemic Stroke","Women","combined_v30_h50_rt","Combined 30/50: complete shift",66.5539119328806,71.4344335743606,0.015771256041631,0.0169277914606478,0.00362307885137535,0.0103946631849109,0.0545989573693175,0.0266924498042596
2014,"Ischaemic Stroke","Women","baseline","Baseline",0,0,0,0,0,0,0,0
2014,"Ischaemic Stroke","Women","volume_reduction_10","Volume -10%",4.93017514490564,5.6527877371959,0.00110620916817498,0.00126834553273318,-0.000669952032146309,-0.000879296040547909,0.0116499026843871,0.00484719616352539
2014,"Ischaemic Stroke","Women","volume_reduction_20","Volume -20%",4.87571674602771,6.78793179424071,0.0010939900525549,0.00152304373841454,-0.00195432972403614,-0.00240202228725789,0.0169150760903003,0.00798005728217038
2014,"Ischaemic Stroke","Women","volume_reduction_30","Volume -30%",0.318503512659284,3.84492862382448,7.14642980105285e-05,0.000862706733461186,-0.00399900770157022,-0.00455528209199584,0.018371429334822,0.00968498668554436
2014,"Ischaemic Stroke","Women","hed_reduction_10","HED -10%: no shift",15.3019887401896,15.431158401567,0.00343338719988458,0.00346236967200089,0.00111614498171517,0.00228323104350269,0.00593787620798571,0.00479411389871887
2014,"Ischaemic Stroke","Women","hed_reduction_25","HED -25%: no shift",38.2549718504737,38.5778960039172,0.00858346799971138,0.00865592418000214,0.00279036245428792,0.00570807760875657,0.0148446905199644,0.0119852847467971
2014,"Ischaemic Stroke","Women","hed_reduction_50","HED -50%: no shift",76.5099437009475,77.1557920078343,0.0171669359994228,0.0173118483600043,0.00558072490857573,0.0114161552175131,0.0296893810399286,0.0239705694935941
2014,"Ischaemic Stroke","Women","hed_reduction_10_rt","HED -10%: complete shift",17.6312185064443,18.1269819243483,0.0039560086578422,0.0040672456873619,0.00126869570533419,0.00329468390217281,0.00830848397649581,0.00505458662838064
2014,"Ischaemic Stroke","Women","hed_reduction_25_rt","HED -25%: complete shift",44.0780462661109,45.3174548108707,0.00989002164460555,0.0101681142184048,0.00317173926333539,0.00823670975543211,0.0207712099412397,0.0126364665709518
2014,"Ischaemic Stroke","Women","hed_reduction_50_rt","HED -50%: complete shift",88.1560925322217,90.6349096217408,0.0197800432892111,0.0203362284368094,0.00634347852667087,0.0164734195108642,0.0415424198824793,0.0252729331419035
2014,"Ischaemic Stroke","Women","combined_v10_h25","Combined 10/25: no shift",43.6910494304525,44.8067183565725,0.0098031891416868,0.0100535176104425,0.00288818930058315,0.00803080425606016,0.0253945236794694,0.0127985539460038
2014,"Ischaemic Stroke","Women","combined_v20_h50","Combined 20/50: no shift",83.1995345102514,86.0696361654489,0.018667914457001,0.0193118941679155,0.00560307517989696,0.0154419696808745,0.0448030519770257,0.0244286154506419
2014,"Ischaemic Stroke","Women","combined_v30_h50","Combined 30/50: no shift",79.116221778398,83.8121211556835,0.0177517202351448,0.0188053637247373,0.0050947534723237,0.0146266118341637,0.0459040062342268,0.0248857627846352
2014,"Ischaemic Stroke","Women","combined_v10_h25_rt","Combined 10/25: complete shift",44.9923554091531,47.3040564842732,0.0100951699662883,0.0106138584201904,0.00289848087966095,0.00796973924893352,0.0283376461728585,0.0149945649882152
2014,"Ischaemic Stroke","Women","combined_v20_h50_rt","Combined 20/50: complete shift",78.3652284167605,84.0905058697229,0.0175832159290168,0.0188678263581933,0.0051778537799473,0.0143955925729962,0.0454646862104671,0.0260080198239408
2014,"Ischaemic Stroke","Women","combined_v30_h50_rt","Combined 30/50: complete shift",68.1202054284642,76.0812922732445,0.0152844865685543,0.0170707572379509,0.00416111605035677,0.0120410247647463,0.0432752729431059,0.0255473856663149
2016,"Ischaemic Stroke","Women","baseline","Baseline",0,0,0,0,0,0,0,0
2016,"Ischaemic Stroke","Women","volume_reduction_10","Volume -10%",-3.91690610802008,-2.84573023685007,-0.0008924288928832,-0.000648371907490036,-0.00206801694139462,-0.00154897115548522,0.00150866819354319,0.000898751004560404
2016,"Ischaemic Stroke","Women","volume_reduction_20","Volume -20%",-9.5523575458498,-7.20268357831112,-0.00217641159475644,-0.00164106127497383,-0.00459271961380252,-0.00338373537771951,0.00207029108018305,0.00123358253791791
2016,"Ischaemic Stroke","Women","volume_reduction_30","Volume -30%",-16.9981320294135,-13.1430605862256,-0.00387285876396968,-0.00299451829699106,-0.00765482532115104,-0.00556345514111676,0.00197162365586565,0.00104016779960179
2016,"Ischaemic Stroke","Women","hed_reduction_10","HED -10%: no shift",18.3841763753364,18.2478665555285,0.00418865546345816,0.00415759859913067,0.00141807055711235,0.00285438993980399,0.00711802975118307,0.00556372683897422
2016,"Ischaemic Stroke","Women","hed_reduction_25","HED -25%: no shift",45.9604409383414,45.6196663888214,0.0104716386586455,0.0103939964978267,0.00354517639278093,0.00713597484950969,0.0177950743779576,0.0139093170974356
2016,"Ischaemic Stroke","Women","hed_reduction_50","HED -50%: no shift",91.9208818766823,91.2393327776431,0.0209432773172909,0.0207879929956535,0.00709035278556186,0.0142719496990193,0.0355901487559151,0.0278186341948712
2016,"Ischaemic Stroke","Women","hed_reduction_10_rt","HED -10%: complete shift",13.7724385742859,14.4837633990484,0.0031379159393138,0.00329998436994158,0.00104596822457466,0.00236130159933728,0.00544164823808339,0.00431095566025289
2016,"Ischaemic Stroke","Women","hed_reduction_25_rt","HED -25%: complete shift",34.4310964357149,36.2094084976204,0.00784478984828456,0.00824996092485382,0.00261492056143667,0.00590325399834295,0.0136041205952084,0.0107773891506324
2016,"Ischaemic Stroke","Women","hed_reduction_50_rt","HED -50%: complete shift",68.8621928714291,72.4188169952412,0.015689579696569,0.0164999218497077,0.00522984112287329,0.0118065079966859,0.027208241190417,0.0215547783012647
2016,"Ischaemic Stroke","Women","combined_v10_h25","Combined 10/25: no shift",42.036786159448,42.8050756263599,0.00957767214685855,0.00975271941617298,0.00320354544563249,0.00725677000593565,0.017350373136162,0.0127472936629446
2016,"Ischaemic Stroke","Women","combined_v20_h50","Combined 20/50: no shift",81.8773168877459,83.7257506569187,0.0186549488926385,0.0190760965169875,0.00623809447124962,0.0142582582952064,0.0333353373003988,0.024768489271285
2016,"Ischaemic Stroke","Women","combined_v30_h50","Combined 30/50: no shift",73.3685139217503,76.865750640379,0.0167163010411731,0.0175131123526737,0.00551619425868772,0.0132160265560602,0.0307627009463448,0.0229296345014877
2016,"Ischaemic Stroke","Women","combined_v10_h25_rt","Combined 10/25: complete shift",29.6505481812365,32.6800149111047,0.00675558850710783,0.0074458229843211,0.00224961558321019,0.00582014584881315,0.0127263468815889,0.00954952782531754
2016,"Ischaemic Stroke","Women","combined_v20_h50_rt","Combined 20/50: complete shift",55.5420798967544,62.2218509065829,0.0126547217379551,0.0141766424791259,0.00420339904820201,0.01100904407027,0.0236450072171335,0.0181910468768749
2016,"Ischaemic Stroke","Women","combined_v30_h50_rt","Combined 30/50: complete shift",45.6511006259156,54.3127998387996,0.0104011584824735,0.0123746422540691,0.00330525624242579,0.00929027268461207,0.0207443142719083,0.0164983258818598
2018,"Ischaemic Stroke","Women","baseline","Baseline",0,0,0,0,0,0,0,0
2018,"Ischaemic Stroke","Women","volume_reduction_10","Volume -10%",-4.00911431964605,-3.1532290912053,-0.000987157790456199,-0.000776414543038334,-0.00173200876433774,-0.00129154726759492,0.000201821476121262,0.000139332973480083
2018,"Ischaemic Stroke","Women","volume_reduction_20","Volume -20%",-9.08651323817358,-7.21584202830256,-0.00223735758473915,-0.00177674521228644,-0.00382938069223343,-0.00277862120249879,-5.04233715193004e-05,-8.31306323763961e-05
2018,"Ischaemic Stroke","Women","volume_reduction_30","Volume -30%",-15.2839835536647,-12.2234647493375,-0.00376335076310234,-0.00300976412534441,-0.0063344577536472,-0.00448886915114958,-0.00058323813234799,-0.000666020543392795
2018,"Ischaemic Stroke","Women","hed_reduction_10","HED -10%: no shift",17.472340748646,17.4493029867402,0.00430218644627076,0.0042965138950969,0.00138767425794624,0.00301136200824733,0.00737926602674037,0.00570739740088344
2018,"Ischaemic Stroke","Women","hed_reduction_25","HED -25%: no shift",43.6808518716148,43.6232574668497,0.0107554661156768,0.0107412847377421,0.00346918564486569,0.00752840502061835,0.018448165066851,0.0142684935022085
2018,"Ischaemic Stroke","Women","hed_reduction_50","HED -50%: no shift",87.3617037432289,87.2465149337,0.0215109322313535,0.0214825694754843,0.00693837128973135,0.0150568100412368,0.0368963301337021,0.028536987004417
2018,"Ischaemic Stroke","Women","hed_reduction_10_rt","HED -10%: complete shift",13.6269607329075,14.3824870205175,0.00335534469092365,0.0035413767172627,0.00110328877525173,0.00275559752369823,0.00587206195442436,0.00447099311686934
2018,"Ischaemic Stroke","Women","hed_reduction_25_rt","HED -25%: complete shift",34.0674018322686,35.9562175512934,0.0083883617273091,0.00885344179315667,0.00275822193812931,0.00688899380924557,0.014680154886061,0.0111774827921732
2018,"Ischaemic Stroke","Women","hed_reduction_50_rt","HED -50%: complete shift",68.1348036645375,71.9124351025869,0.0167767234546183,0.0177068835863134,0.00551644387625864,0.0137779876184912,0.0293603097721219,0.0223549655843464
2018,"Ischaemic Stroke","Women","combined_v10_h25","Combined 10/25: no shift",39.5386433377722,40.4100648785167,0.00973553675027078,0.00995010547895529,0.00312133966918227,0.00744545208719657,0.0172303203416079,0.0129784367388294
2018,"Ischaemic Stroke","Women","combined_v20_h50","Combined 20/50: no shift",77.30125208972,79.3893930948082,0.0190337633522814,0.0195479229637055,0.00610972263419442,0.0146836722146705,0.0334570407481384,0.0253885686331023
2018,"Ischaemic Stroke","Women","combined_v30_h50","Combined 30/50: no shift",69.8337548157825,73.3500053447085,0.0171950534723824,0.0180608542019389,0.00547164504154375,0.0138389692182846,0.030617589597217,0.0233454946447989
2018,"Ischaemic Stroke","Women","combined_v10_h25_rt","Combined 10/25: complete shift",28.6933802815195,31.6653365598575,0.00706512501791792,0.00779690504690835,0.00227074099363258,0.00624072865391604,0.0129746644248964,0.00981377138129936
2018,"Ischaemic Stroke","Women","combined_v20_h50_rt","Combined 20/50: complete shift",53.4084595695447,60.0221253496354,0.0131506793612699,0.0147791516815271,0.00422820064083744,0.0117630804119069,0.0239815279024836,0.0186097597553796
2018,"Ischaemic Stroke","Women","combined_v30_h50_rt","Combined 30/50: complete shift",44.0050951347225,52.3908435553496,0.0108353040144394,0.0129001134018052,0.00338675898974207,0.0102364901511079,0.0204244550221447,0.0163714024160541
2020,"Ischaemic Stroke","Women","baseline","Baseline",0,0,0,0,0,0,0,0
2020,"Ischaemic Stroke","Women","volume_reduction_10","Volume -10%",1.43326708524413,1.99423585621936,0.00041359354915569,0.000575470611248157,-0.000990417522342256,-0.00109378459789846,0.00698852924608126,0.00360919256180823
2020,"Ischaemic Stroke","Women","volume_reduction_20","Volume -20%",0.177086627442756,1.53644953375093,5.11013526411831e-05,0.000443368596338355,-0.00254727540217485,-0.00261902440824874,0.010334400507225,0.00592630952194137
2020,"Ischaemic Stroke","Women","volume_reduction_30","Volume -30%",-3.61031504476461,-1.21883904350544,-0.0010418176963019,-0.000351716697496807,-0.0047164201858495,-0.00460875127143329,0.0110958561699945,0.00709446062385135
2020,"Ischaemic Stroke","Women","hed_reduction_10","HED -10%: no shift",12.219218517364,12.2614667228143,0.00352606294146821,0.00353825437837315,0.00119092751067397,0.00233536109185465,0.00610715889720722,0.00490806171452133
2020,"Ischaemic Stroke","Women","hed_reduction_25","HED -25%: no shift",30.5480462934097,30.653666807036,0.00881515735367047,0.00884563594593294,0.00297731877668479,0.00583840272963652,0.015267897243018,0.0122701542863032
2020,"Ischaemic Stroke","Women","hed_reduction_50","HED -50%: no shift",61.0960925868194,61.3073336140724,0.017630314707341,0.017691271891866,0.00595463755336943,0.0116768054592732,0.0305357944860361,0.0245403085726065
2020,"Ischaemic Stroke","Women","hed_reduction_10_rt","HED -10%: complete shift",12.5036499960119,12.8705301995297,0.00360814047325328,0.00371400998428167,0.00121775475783179,0.00288031799986429,0.00695413100880248,0.004754518230722
2020,"Ischaemic Stroke","Women","hed_reduction_25_rt","HED -25%: complete shift",31.2591249900296,32.1763254988244,0.00902035118313315,0.00928502496070421,0.00304438689457937,0.00720079499966079,0.0173853275220063,0.011886295576805
2020,"Ischaemic Stroke","Women","hed_reduction_50_rt","HED -50%: complete shift",62.5182499800589,64.3526509976489,0.0180407023662662,0.0185700499214085,0.00608877378915888,0.0144015899993215,0.0347706550440126,0.0237725911536101
2020,"Ischaemic Stroke","Women","combined_v10_h25","Combined 10/25: no shift",32.3722823504179,33.081278377792,0.0093415716368725,0.00954616447676806,0.00303245360165228,0.0074235354111059,0.0206112542530076,0.0124335202918662
2020,"Ischaemic Stroke","Women","combined_v20_h50","Combined 20/50: no shift",62.6164580682327,64.3786613792797,0.0180690419773281,0.0185775556585905,0.00592107118160835,0.01445943736776,0.0376265905802308,0.0240557403786975
2020,"Ischaemic Stroke","Women","combined_v30_h50","Combined 30/50: no shift",59.068654003226,61.9980979954053,0.0170452628854464,0.0178906036807887,0.00544627251803234,0.0137527016430531,0.0378685099501077,0.0239994410260335
2020,"Ischaemic Stroke","Women","combined_v10_h25_rt","Combined 10/25: complete shift",30.7329962653724,32.3966394280064,0.00886852780786414,0.00934860028510601,0.00278527986946824,0.00706313069316506,0.0216284189248551,0.0131646909918327
2020,"Ischaemic Stroke","Women","combined_v20_h50_rt","Combined 20/50: complete shift",55.3627585794686,59.2939824957939,0.0159758638481759,0.0171102852472424,0.00510526496128393,0.0130621669333624,0.0363769129854256,0.0234637298285651
2020,"Ischaemic Stroke","Women","combined_v30_h50_rt","Combined 30/50: complete shift",48.440892527888,53.7897179271651,0.0139784418906585,0.0155219362633939,0.00424335495344001,0.0112319623889327,0.0345769933050794,0.0228195751223614
2022,"Ischaemic Stroke","Women","baseline","Baseline",0,0,0,0,0,0,0,0
2022,"Ischaemic Stroke","Women","volume_reduction_10","Volume -10%",2.97608131868687,3.49679583072654,0.000648714446730331,0.000762217738613267,-0.00055491674245663,-0.000579847831267531,0.00661595849141956,0.00309224691998029
2022,"Ischaemic Stroke","Women","volume_reduction_20","Volume -20%",2.85630104188438,4.16857618447715,0.000622605215269742,0.000908649765779755,-0.00150848656524729,-0.0015513148473002,0.00975065544628157,0.00514148551180994
2022,"Ischaemic Stroke","Women","volume_reduction_30","Volume -30%",-0.0994337428362735,2.25164158905195,-2.16741743800267e-05,0.000490803936876742,-0.00292855522118133,-0.0029101322159683,0.010754345753696,0.00628902693830157
2022,"Ischaemic Stroke","Women","hed_reduction_10","HED -10%: no shift",15.4293536748687,15.4913029500344,0.00336322954945848,0.00337673300768461,0.00113305015457682,0.00229740938619179,0.00564987200537046,0.00454316592068363
2022,"Ischaemic Stroke","Women","hed_reduction_25","HED -25%: no shift",38.5733841871712,38.7282573750856,0.00840807387364609,0.00844183251921145,0.00283262538644188,0.00574352346547939,0.014124680013426,0.0113579148017091
2022,"Ischaemic Stroke","Women","hed_reduction_50","HED -50%: no shift",77.1467683743423,77.4565147501716,0.0168161477472921,0.016883665038423,0.00566525077288378,0.0114870469309589,0.0282493600268519,0.0227158296034181
2022,"Ischaemic Stroke","Women","hed_reduction_10_rt","HED -10%: complete shift",14.8801113739723,15.4938393367769,0.0032435078828798,0.00337728587924495,0.001069497761429,0.00277013043420765,0.00618528184713967,0.00408109686722093
2022,"Ischaemic Stroke","Women","hed_reduction_25_rt","HED -25%: complete shift",37.200278434931,38.7345983419427,0.00810876970719954,0.00844321469811248,0.00267374440357245,0.00692532608551905,0.0154632046178493,0.0102027421680522
2022,"Ischaemic Stroke","Women","hed_reduction_50_rt","HED -50%: complete shift",74.4005568698623,77.4691966838852,0.0162175394143991,0.0168864293962249,0.00534748880714482,0.0138506521710381,0.0309264092356985,0.0204054843361044
2022,"Ischaemic Stroke","Women","combined_v10_h25","Combined 10/25: no shift",41.9921045862978,42.726566035852,0.00915327303817149,0.00931336804293519,0.00296149345184922,0.0077334789150823,0.0197780460038325,0.0113668051651521
2022,"Ischaemic Stroke","Women","combined_v20_h50","Combined 20/50: no shift",81.4943013247037,83.3817237726276,0.0177638058018039,0.0181752186894032,0.00581589608111031,0.0150832831287512,0.0361659614402718,0.0221059667846413
2022,"Ischaemic Stroke","Women","combined_v30_h50","Combined 30/50: no shift",78.7366604768742,81.8490077369218,0.0171627061458073,0.0178411233040203,0.00552085979760053,0.0150192622825807,0.0363388656607364,0.0218372370504505
2022,"Ischaemic Stroke","Women","combined_v10_h25_rt","Combined 10/25: complete shift",37.9156351339477,40.2186729448977,0.0082647003339279,0.00876670741617682,0.00258364374412792,0.00731312562880551,0.0195288791626695,0.0112066341203928
2022,"Ischaemic Stroke","Women","combined_v20_h50_rt","Combined 20/50: complete shift",68.7860012967789,74.145308184939,0.0149937007748567,0.0161619013146003,0.00477443407650828,0.0136035988398263,0.0329124317669439,0.0201794859677219
2022,"Ischaemic Stroke","Women","combined_v30_h50_rt","Combined 30/50: complete shift",62.1883439876458,69.0830706226208,0.0135555695033298,0.0150584547727209,0.00421724781358215,0.0123267144027246,0.0314466146690717,0.019840941101743
2024,"Ischaemic Stroke","Women","baseline","Baseline",0,0,0,0,0,0,0,0
2024,"Ischaemic Stroke","Women","volume_reduction_10","Volume -10%",4.41882221336429,4.69203916686156,0.000941268412531215,0.000999467288991373,-0.00034919425962812,-0.00041654657902657,0.00942295204169089,0.00343394353015358
2024,"Ischaemic Stroke","Women","volume_reduction_20","Volume -20%",5.39626782144751,6.27449440046093,0.00114947744005749,0.0013365514833106,-0.00103045282024767,-0.00121415240571916,0.013911405370576,0.00570327063488564
2024,"Ischaemic Stroke","Women","volume_reduction_30","Volume -30%",3.34191538184331,5.11783776255646,0.000711872810082204,0.0010901681022116,-0.00211180024685425,-0.00237724106557876,0.0154908131078268,0.00699650209912477
2024,"Ischaemic Stroke","Women","hed_reduction_10","HED -10%: no shift",12.0846275977561,12.0879762484883,0.00257418780066974,0.00257490110819981,0.000827781335017873,0.00172060140518204,0.00440976165635809,0.00353871384319048
2024,"Ischaemic Stroke","Women","hed_reduction_25","HED -25%: no shift",30.2115689943905,30.2199406212204,0.0064354695016744,0.00643725277049944,0.00206945333754481,0.00430150351295511,0.0110244041408951,0.00884678460797623
2024,"Ischaemic Stroke","Women","hed_reduction_50","HED -50%: no shift",60.423137988781,60.4398812424413,0.0128709390033488,0.012874505540999,0.00413890667508953,0.00860300702591023,0.0220488082817903,0.0176935692159525
2024,"Ischaemic Stroke","Women","hed_reduction_10_rt","HED -10%: complete shift",13.5949989563168,13.8787063216484,0.00289591716255837,0.00295635063747425,0.000909435793346419,0.0024223640566737,0.00614346379270075,0.00366178058980672
2024,"Ischaemic Stroke","Women","hed_reduction_25_rt","HED -25%: complete shift",33.9874973907922,34.696765804122,0.00723979290639598,0.00739087659368585,0.00227358948336602,0.00605591014168436,0.0153586594817519,0.00915445147451683
2024,"Ischaemic Stroke","Women","hed_reduction_50_rt","HED -50%: complete shift",67.9749947815841,69.3935316082433,0.0144795858127919,0.0147817531873716,0.0045471789667321,0.0121118202833686,0.0307173189635039,0.0183089029490336
2024,"Ischaemic Stroke","Women","combined_v10_h25","Combined 10/25: no shift",35.1266569090162,35.4465567128454,0.00748244916626895,0.00755059211612754,0.00216193390988426,0.00608510226836199,0.0195781037039535,0.00958236619574183
2024,"Ischaemic Stroke","Women","combined_v20_h50","Combined 20/50: no shift",67.6257984577418,68.6960705953335,0.0144052023111406,0.0146331846347743,0.00423133550458026,0.0118175316481947,0.0345920889101961,0.0184364171842633
2024,"Ischaemic Stroke","Women","combined_v30_h50","Combined 30/50: no shift",66.1054361313039,68.2008379635853,0.0140813447390594,0.0145276934403765,0.00398206030182223,0.0116525941812967,0.0360005598102363,0.018672371496037
2024,"Ischaemic Stroke","Women","combined_v10_h25_rt","Combined 10/25: complete shift",35.4496938880872,36.7027847732741,0.00755126037654109,0.00781818554603308,0.00213722313108143,0.00604307228815543,0.0217050576506327,0.0107585409664651
2024,"Ischaemic Stroke","Women","combined_v20_h50_rt","Combined 20/50: complete shift",62.5556555838387,65.8839296972017,0.0133251938600669,0.0140341608969573,0.00387975932845459,0.0110489720122013,0.0347722888156239,0.0187687689036304
2024,"Ischaemic Stroke","Women","combined_v30_h50_rt","Combined 30/50: complete shift",56.265714425714,60.9731324589654,0.0119853520101467,0.0129880952039956,0.00328488510215695,0.00975469700863416,0.0337853783515234,0.0185755520919987
